"first_name","iso3166"
"Lida","AF"
"Massoud","AF"
"Adrian","AL"
"Anri","AL"
"Bujar","AL"
"Gjon","AL"
"Arshile","AM"
"Maria","AO"
"Adrián","AR"
"Aida","AR"
"Alda","AR"
"Alejandro","AR"
"Alfredo","AR"
"Alicia","AR"
"Ana","AR"
"Antonio","AR"
"Aquiles","AR"
"Carlos","AR"
"Cesar","AR"
"Clara","AR"
"César","AR"
"Daniel","AR"
"David","AR"
"Demetrio","AR"
"Diego","AR"
"Edgardo","AR"
"Eduardo","AR"
"Emilio","AR"
"Ernesto","AR"
"Fabian","AR"
"Fernando","AR"
"Gaspar","AR"
"González","AR"
"Guillermo","AR"
"Harry","AR"
"Horacio","AR"
"Hugo","AR"
"Humberto","AR"
"Héctor","AR"
"Jaime","AR"
"Jorge","AR"
"Juan","AR"
"Julio","AR"
"Leandro","AR"
"León","AR"
"Libero","AR"
"Lidy","AR"
"Liliana","AR"
"Lino","AR"
"Lucio","AR"
"Luis","AR"
"Mabel","AR"
"Marcelo","AR"
"Maria","AR"
"Mariano","AR"
"Mario","AR"
"Marta","AR"
"Matías","AR"
"Miguel","AR"
"Nicola","AR"
"Nicolas","AR"
"Nélida","AR"
"Onofrio","AR"
"Oscar","AR"
"Osvaldo","AR"
"Oswaldo","AR"
"Pablo","AR"
"Paula","AR"
"Perez","AR"
"Raquel","AR"
"Raúl","AR"
"Ricardo","AR"
"Rirkrit","AR"
"Roberto","AR"
"Rodolfo","AR"
"Rodrigo","AR"
"Rogelio","AR"
"Rómulo","AR"
"Santiago","AR"
"Sara","AR"
"Silvia","AR"
"Tomas","AR"
"Victor","AR"
"Victoria","AR"
"Waldimiro","AR"
"Adolf","AT"
"Adolph","AT"
"Alexander","AT"
"Alfred","AT"
"Aloys","AT"
"André","AT"
"Anne","AT"
"Arnulf","AT"
"August","AT"
"Barbara","AT"
"Beckermann","AT"
"Bernhard","AT"
"Berthold","AT"
"Birgit","AT"
"Boris","AT"
"Bruno","AT"
"C","AT"
"Carl","AT"
"Carry","AT"
"Chaim","AT"
"Christian","AT"
"Claus","AT"
"Daniel","AT"
"Dita","AT"
"Dominik","AT"
"Dorit","AT"
"Doron","AT"
"Dr","AT"
"Drahomir","AT"
"E","AT"
"Edgar","AT"
"Edith","AT"
"Egon","AT"
"Elfi","AT"
"Elke","AT"
"Emil","AT"
"Endlicher","AT"
"Erich","AT"
"Erika","AT"
"Ernst","AT"
"Erwin","AT"
"Ettore","AT"
"Ferdinand","AT"
"Florian","AT"
"Franz","AT"
"Frederick","AT"
"Friedl","AT"
"Friedrich","AT"
"Fritz","AT"
"Georg","AT"
"Gerhard","AT"
"Gilbert","AT"
"Gregor","AT"
"Gustav","AT"
"Günter","AT"
"H","AT"
"Hannes","AT"
"Hans","AT"
"Heimo","AT"
"Heinrich","AT"
"Heinz","AT"
"Helmut","AT"
"Herbert","AT"
"Hermann","AT"
"Herwig","AT"
"Hil","AT"
"Hubert","AT"
"Hugo","AT"
"Hundertwasser","AT"
"Ida","AT"
"Inge","AT"
"Ingeborg","AT"
"Jan","AT"
"Johann","AT"
"Johanna","AT"
"Josef","AT"
"Joseph","AT"
"Julius","AT"
"Jörg","AT"
"Karl","AT"
"Kiki","AT"
"Klaus","AT"
"Koloman","AT"
"Laurids","AT"
"Lisette","AT"
"Lisl","AT"
"Lucie","AT"
"Ludwig","AT"
"Magda","AT"
"Manfred","AT"
"Manuel","AT"
"Marcel","AT"
"Margarete","AT"
"Maria","AT"
"Marie","AT"
"Mariette","AT"
"Marko","AT"
"Markus","AT"
"Marlene","AT"
"Martin","AT"
"Mathias","AT"
"Max","AT"
"Maximilian","AT"
"Metall","AT"
"Michael","AT"
"Michaela","AT"
"Morris","AT"
"Olaf","AT"
"Oliver","AT"
"Oskar","AT"
"Oswald","AT"
"Otto","AT"
"Pepi","AT"
"Peter","AT"
"Raimund","AT"
"Raoul","AT"
"Richard","AT"
"Robert","AT"
"Rudi","AT"
"Rudolf","AT"
"Siegfried","AT"
"Stefan","AT"
"Stephan","AT"
"Theodor","AT"
"Torsten","AT"
"Trude","AT"
"Uli","AT"
"VALIE","AT"
"W","AT"
"Walter","AT"
"Weegee","AT"
"Weisgerber","AT"
"Wolfgang","AT"
"Ylla","AT"
"Zeilinger","AT"
"Albert","AU"
"Allan","AU"
"Anton","AU"
"Baz","AU"
"Bea","AU"
"Bjarne","AU"
"Brett","AU"
"Christopher","AU"
"Clement","AU"
"Colin","AU"
"David","AU"
"Denise","AU"
"Frank","AU"
"Fred","AU"
"George","AU"
"Glenn","AU"
"Grant","AU"
"Ian","AU"
"Laurence","AU"
"Leonard","AU"
"Marc","AU"
"Martin","AU"
"Nagwaraba","AU"
"Pat","AU"
"Peter","AU"
"Richard","AU"
"Ricky","AU"
"Robert","AU"
"Sarah","AU"
"Sidney","AU"
"Stephen","AU"
"Toba","AU"
"Tracey","AU"
"William","AU"
"Zeigam","AZ"
"Ahmed","BA"
"Antonio","BA"
"Braco","BA"
"Fehim","BA"
"Maja","BA"
"Pjer","BA"
"Sejla","BA"
"Runa","BD"
"A","BE"
"Adolphe","BE"
"Agnès","BE"
"Berlinde","BE"
"Cami","BE"
"Carsten","BE"
"Ch","BE"
"Christian","BE"
"David","BE"
"E","BE"
"Edgard","BE"
"Edith","BE"
"Engel","BE"
"Etiènne","BE"
"Filip","BE"
"Floris","BE"
"Francis","BE"
"Frank","BE"
"Frans","BE"
"George","BE"
"Georges","BE"
"Guy","BE"
"Henri","BE"
"Henry","BE"
"Isabelle","BE"
"Jacques","BE"
"James","BE"
"Jan","BE"
"Jean","BE"
"Jef","BE"
"Joëlle","BE"
"Jérôme","BE"
"Karel","BE"
"Koen","BE"
"Laurence","BE"
"Luc","BE"
"Lucien","BE"
"Léonard","BE"
"Maarten","BE"
"Marcel","BE"
"Martine","BE"
"Michaël","BE"
"Michel","BE"
"Narcisse","BE"
"Octave","BE"
"Oscar","BE"
"Panamarenko","BE"
"Patrick","BE"
"Paul","BE"
"Philippe","BE"
"Pierre","BE"
"Pol","BE"
"Raoul","BE"
"Reinhoud","BE"
"René","BE"
"Roger","BE"
"Roél","BE"
"Théo","BE"
"Ulu","BE"
"Victor","BE"
"Xavier","BE"
"Yves","BE"
"Émile","BE"
"Christo","BG"
"Georges","BG"
"Jules","BG"
"Kamen","BG"
"Luba","BG"
"Luchezar","BG"
"Nedko","BG"
"Alejandro","BO"
"Alfredo","BO"
"Roberto","BO"
"Abraham","BR"
"Adão","BR"
"Alair","BR"
"Alberto","BR"
"Aldemir","BR"
"Alex","BR"
"Almir","BR"
"Aloisio","BR"
"André","BR"
"Anna","BR"
"Antonio","BR"
"Antônio","BR"
"Arthur","BR"
"Aurino","BR"
"Beatriz","BR"
"Bruno","BR"
"Cao","BR"
"Carlos","BR"
"Carmela","BR"
"Carybé","BR"
"Chico","BR"
"Cildo","BR"
"Cinthia","BR"
"Cláudio","BR"
"Cândido","BR"
"Danilo","BR"
"Eder","BR"
"Edith","BR"
"Eduardo","BR"
"Efrain","BR"
"Ernesto","BR"
"Eryk","BR"
"Evandro","BR"
"Farnese","BR"
"Fayga","BR"
"Fernando","BR"
"Flavio","BR"
"Gaspar","BR"
"Geraldo","BR"
"Gilván","BR"
"Gustavo","BR"
"Heitor","BR"
"Helena","BR"
"Hermano","BR"
"Hélio","BR"
"Hércules","BR"
"Instituto","BR"
"Iran","BR"
"Isabel","BR"
"Ivan","BR"
"Jac","BR"
"Jarbes","BR"
"Jessica","BR"
"Jonathas","BR"
"Jorge","BR"
"José","BR"
"João","BR"
"Júlio","BR"
"Kleber","BR"
"Leonardo","BR"
"Lygia","BR"
"Lúcia","BR"
"Marcelo","BR"
"Marepe","BR"
"Maria","BR"
"Mario","BR"
"Mary","BR"
"Monteiro","BR"
"Nair","BR"
"Nelson","BR"
"Neville","BR"
"Oscar","BR"
"Paulo","BR"
"Rafael","BR"
"Regina","BR"
"Renato","BR"
"Ricardo","BR"
"Rivane","BR"
"Roberto","BR"
"Roland","BR"
"Rossini","BR"
"Rosângela","BR"
"Ruth","BR"
"Sebastião","BR"
"Sérgio","BR"
"Thiago","BR"
"Tomas","BR"
"Tunga","BR"
"Valdir","BR"
"Vera","BR"
"Victor","BR"
"Vik","BR"
"Waldemar","BR"
"Walter","BR"
"Waltercio","BR"
"Willys","BR"
"Öyvind","BR"
"Alessandro","BS"
"Janine","BS"
"Marc","BY"
"Agnes","CA"
"Akesuk","CA"
"Alan","CA"
"Alex","CA"
"Alexander","CA"
"Alistair","CA"
"Allan","CA"
"Angela","CA"
"Anne","CA"
"Ardele","CA"
"Benita","CA"
"Bernar","CA"
"Betty","CA"
"Bob","CA"
"Brian","CA"
"Bruce","CA"
"Charles","CA"
"Christian","CA"
"Clara","CA"
"Colin","CA"
"Dalla","CA"
"David","CA"
"Deane","CA"
"Deanna","CA"
"Deli","CA"
"Denis","CA"
"Dennis","CA"
"Dorothea","CA"
"Doug","CA"
"Edward","CA"
"Elizabeth","CA"
"Erin","CA"
"Ernest","CA"
"Evergon","CA"
"Forbes","CA"
"Frances","CA"
"Francesca","CA"
"Frank","CA"
"François","CA"
"General","CA"
"George","CA"
"Gordon","CA"
"Graham","CA"
"Greg","CA"
"Guido","CA"
"Guy","CA"
"Hajra","CA"
"Harold","CA"
"Helga","CA"
"Henry","CA"
"Ian","CA"
"Jack","CA"
"Jackie","CA"
"James","CA"
"Jan","CA"
"Janet","CA"
"Janice","CA"
"Jean","CA"
"Jeanette","CA"
"Jeff","CA"
"Jeremy","CA"
"Jessie","CA"
"John","CA"
"Jon","CA"
"Joyce","CA"
"Katerina","CA"
"Kazuo","CA"
"Ken","CA"
"Kiawak","CA"
"Lisa","CA"
"Luc","CA"
"Luktak","CA"
"Marcel","CA"
"Margaret","CA"
"Marianna","CA"
"Mark","CA"
"Michael","CA"
"Michel","CA"
"Mimi","CA"
"Moira","CA"
"Moyra","CA"
"Neil","CA"
"Nelson","CA"
"Niviaksiak","CA"
"Noam","CA"
"Norman","CA"
"Paul","CA"
"Pauta","CA"
"Philip","CA"
"Pierre","CA"
"Pitseolak","CA"
"Pootagook","CA"
"Pudlo","CA"
"R","CA"
"Ralston","CA"
"Raoul","CA"
"Raphael","CA"
"Reginald","CA"
"Rhonda","CA"
"Richard","CA"
"Robert","CA"
"Rodney","CA"
"Roland","CA"
"Roloff","CA"
"Roy","CA"
"Sam","CA"
"Sandra","CA"
"Scott","CA"
"Sheldon","CA"
"Stan","CA"
"Stephen","CA"
"Steve","CA"
"Susan","CA"
"Sydney","CA"
"Tom","CA"
"Toni","CA"
"Tony","CA"
"Ulysse","CA"
"Vern","CA"
"Wells","CA"
"William","CA"
"Xavier","CA"
"Xiomara","CA"
"Yousuf","CA"
"Yves","CA"
"Zacharias","CA"
"Christian","CD"
"Chéri","CD"
"A","CH"
"Alain","CH"
"Albert","CH"
"Alberto","CH"
"Alex","CH"
"Alfred","CH"
"Andreas","CH"
"André","CH"
"Anton","CH"
"Armin","CH"
"Arthur","CH"
"Augusto","CH"
"B","CH"
"Beat","CH"
"Benedikt","CH"
"Bernard","CH"
"Bernhard","CH"
"Boissonas","CH"
"Bruno","CH"
"Burkhard","CH"
"Camille","CH"
"Carl","CH"
"Carlos","CH"
"Carol","CH"
"Celestino","CH"
"Charles","CH"
"Christian","CH"
"Christopher","CH"
"Claudia","CH"
"Cornel","CH"
"Cuno","CH"
"Daniel","CH"
"Danielle","CH"
"Didier","CH"
"Dieter","CH"
"Donald","CH"
"Eduard","CH"
"Elso","CH"
"Emil","CH"
"Erik","CH"
"Ernst","CH"
"Eugène","CH"
"Ferdinand","CH"
"Franco","CH"
"Franz","CH"
"Franziska","CH"
"Fridolin","CH"
"Fritz","CH"
"Fussli","CH"
"Gabriel","CH"
"Gene","CH"
"Gianfredo","CH"
"Gottfried","CH"
"Gotthard","CH"
"Gottlieb","CH"
"Gregoire","CH"
"Grosset","CH"
"Gustave","CH"
"Gérard","CH"
"Hannes","CH"
"Hans","CH"
"Harald","CH"
"Heidi","CH"
"Heini","CH"
"Helene","CH"
"Helmut","CH"
"Helmuth","CH"
"Herbert","CH"
"Hermann","CH"
"Hugo","CH"
"Huller","CH"
"Igildo","CH"
"International","CH"
"Jakob","CH"
"Jean","CH"
"Johannes","CH"
"John","CH"
"Josef","CH"
"Joseph","CH"
"Jules","CH"
"Jörg","CH"
"Jürgen","CH"
"Karl","CH"
"Kurt","CH"
"Le","CH"
"Leo","CH"
"Lill","CH"
"Louis","CH"
"Léo","CH"
"M","CH"
"Mai","CH"
"Manfred","CH"
"Marc","CH"
"Marcel","CH"
"Marco","CH"
"Marcus","CH"
"Mario","CH"
"Markus","CH"
"Martin","CH"
"Mathias","CH"
"Maurice","CH"
"Max","CH"
"Meret","CH"
"Mira","CH"
"Miriam","CH"
"Moik","CH"
"Nicolas","CH"
"Niele","CH"
"Niklaus","CH"
"Not","CH"
"Olaf","CH"
"Olivier","CH"
"Orell","CH"
"Oskar","CH"
"Otto","CH"
"Paul","CH"
"Pellegrini","CH"
"Peter","CH"
"Philippe","CH"
"Pierre","CH"
"Pipilotti","CH"
"Pirmin","CH"
"Rainer","CH"
"Ralph","CH"
"René","CH"
"Richard","CH"
"Robert","CH"
"Roberto","CH"
"Robi","CH"
"Rodolphe","CH"
"Rolf","CH"
"Roman","CH"
"Rudolf","CH"
"Rudy","CH"
"Ruodi","CH"
"Rémy","CH"
"Sabine","CH"
"Schoeller","CH"
"Serge","CH"
"Shahryar","CH"
"Silvia","CH"
"Silvie","CH"
"Sonia","CH"
"Sophie","CH"
"Steiner","CH"
"Sylvie","CH"
"Theo","CH"
"Thomas","CH"
"Thoni","CH"
"Trix","CH"
"Ugo","CH"
"Urs","CH"
"Valentin","CH"
"Viktor","CH"
"Vreni","CH"
"Walter","CH"
"Walther","CH"
"Warja","CH"
"Wasserman","CH"
"Werner","CH"
"Wilhelm","CH"
"Willi","CH"
"William","CH"
"Willy","CH"
"Wolfgang","CH"
"Xanti","CH"
"Yves","CH"
"Frédéric","CI"
"Alfredo","CL"
"Carlos","CL"
"Catalina","CL"
"Claudio","CL"
"Cristóbal","CL"
"Dinora","CL"
"Eduardo","CL"
"Enrique","CL"
"Ernesto","CL"
"Eugenio","CL"
"Florencia","CL"
"Francisco","CL"
"German","CL"
"Gloria","CL"
"Gonzalo","CL"
"Guillermo","CL"
"Ivan","CL"
"Juan","CL"
"Juana","CL"
"Julio","CL"
"Klaudia","CL"
"Lea","CL"
"Marcela","CL"
"Marco","CL"
"Mario","CL"
"Nemesio","CL"
"Nestor","CL"
"Pablo","CL"
"Pedro","CL"
"Raoul","CL"
"Roberto","CL"
"Rodolfo","CL"
"Roser","CL"
"Salvador","CL"
"Santos","CL"
"Sebastián","CL"
"Sergio","CL"
"Smiljan","CL"
"Barthelemy","CM"
"Anibal","CO"
"Augusto","CO"
"Beatriz","CO"
"Bernardo","CO"
"Carlos","CO"
"Doris","CO"
"Eduardo","CO"
"Enrique","CO"
"Fernando","CO"
"Gabriel","CO"
"Giancarlo","CO"
"Gloria","CO"
"Gonzalo","CO"
"Guillermo","CO"
"Hernando","CO"
"Johanna","CO"
"José","CO"
"Juan","CO"
"Leo","CO"
"Leonel","CO"
"Luis","CO"
"Maria","CO"
"María","CO"
"Mateo","CO"
"Miguel","CO"
"Nicolás","CO"
"Omar","CO"
"Oscar","CO"
"Patricia","CO"
"Phanor","CO"
"Raimond","CO"
"Sandra","CO"
"Santiago","CO"
"Umberto","CO"
"Álvaro","CO"
"Édgar","CO"
"Francisco","CR"
"Max","CR"
"Abelardo","CU"
"Agustín","CU"
"Alexandre","CU"
"Alfredo","CU"
"Amelia","CU"
"Ana","CU"
"Augustin","CU"
"Belkis","CU"
"Carlos","CU"
"Carmen","CU"
"Carol","CU"
"Cundo","CU"
"Daniel","CU"
"Diango","CU"
"Elena","CU"
"Esterio","CU"
"Felipe","CU"
"Felix","CU"
"Fidelio","CU"
"Ibrahim","CU"
"José","CU"
"Juan","CU"
"Julio","CU"
"Kcho","CU"
"Los","CU"
"Luis","CU"
"Maria","CU"
"Mariano","CU"
"Mario","CU"
"Marlon","CU"
"Paolo","CU"
"Raùl","CU"
"Raúl","CU"
"Rene","CU"
"Ricardo","CU"
"Roberto","CU"
"Sandra","CU"
"Sandu","CU"
"Tania","CU"
"Tony","CU"
"Waldo","CU"
"Wifredo","CU"
"Adolf","CZ"
"Aktual","CZ"
"Alena","CZ"
"Augustin","CZ"
"Bela","CZ"
"Eugen","CZ"
"Eva","CZ"
"Frantisek","CZ"
"František","CZ"
"Friedrich","CZ"
"Henri","CZ"
"Jan","CZ"
"Jaromír","CZ"
"Jaroslav","CZ"
"Jaroslava","CZ"
"Jindrich","CZ"
"Jindřich","CZ"
"Jiri","CZ"
"Jirí","CZ"
"Jitka","CZ"
"Jiþi","CZ"
"Jiří","CZ"
"Johann","CZ"
"Josef","CZ"
"Ján","CZ"
"Karel","CZ"
"Markéta","CZ"
"Michael","CZ"
"Milan","CZ"
"Milos","CZ"
"Miro","CZ"
"Noury","CZ"
"Othon","CZ"
"Otto","CZ"
"Pavel","CZ"
"Pravoslav","CZ"
"Prazsky","CZ"
"Sonia","CZ"
"Stanislav","CZ"
"Tom","CZ"
"Tomas","CZ"
"Vera","CZ"
"Vilem","CZ"
"Woody","CZ"
"Zdenek","CZ"
"Zdenĕk","CZ"
"A","DE"
"Abdul","DE"
"Abe","DE"
"Adele","DE"
"Adolf","DE"
"Aenne","DE"
"Alastair","DE"
"Albert","DE"
"Alexander","DE"
"Alfred","DE"
"Alice","DE"
"Amelie","DE"
"Andrea","DE"
"Andreas","DE"
"André","DE"
"Annemarie","DE"
"Annett","DE"
"Annette","DE"
"Anni","DE"
"Anselm","DE"
"Anton","DE"
"Antonius","DE"
"Armin","DE"
"Arndt","DE"
"Arnold","DE"
"Arthur","DE"
"Ati","DE"
"August","DE"
"Augusta","DE"
"Axel","DE"
"Barbara","DE"
"Baroness","DE"
"Bastienne","DE"
"Bauhaus","DE"
"Bayer","DE"
"Bazon","DE"
"Benita","DE"
"Benjamin","DE"
"Bernard","DE"
"Bernd","DE"
"Berndt","DE"
"Bernhard","DE"
"Bert","DE"
"Bettina","DE"
"Bill","DE"
"Birgit","DE"
"Björn","DE"
"Blinky","DE"
"Bruno","DE"
"C","DE"
"Candida","DE"
"Carl","DE"
"Carlfriedrich","DE"
"Carsten","DE"
"Cesar","DE"
"Chargesheimer","DE"
"Charline","DE"
"Charlotte","DE"
"Christian","DE"
"Christiane","DE"
"Christoph","DE"
"Claire","DE"
"Claudia","DE"
"Clemens","DE"
"Conrad","DE"
"Corinna","DE"
"Cosima","DE"
"Cyan","DE"
"Daniel","DE"
"Dara","DE"
"Dieter","DE"
"Dietmar","DE"
"Dietrich","DE"
"Dirk","DE"
"Doris","DE"
"Dörte","DE"
"E","DE"
"Eberhard","DE"
"Ed","DE"
"Edmund","DE"
"Edwin","DE"
"Ekkehard","DE"
"Ekkeland","DE"
"Elisabeth","DE"
"Ella","DE"
"Elsa","DE"
"Elvira","DE"
"Emil","DE"
"Emile","DE"
"Eric","DE"
"Erica","DE"
"Erich","DE"
"Erik","DE"
"Ernest","DE"
"Erno","DE"
"Ernst","DE"
"Erwin","DE"
"Eugen","DE"
"Eugene","DE"
"Eva","DE"
"Ewald","DE"
"F","DE"
"Federico","DE"
"Felix","DE"
"Ferdinand","DE"
"Floris","DE"
"Frank","DE"
"Franz","DE"
"Fred","DE"
"Frieda","DE"
"Friedrich","DE"
"Fritz","DE"
"Gabriele","DE"
"Gego","DE"
"Georg","DE"
"George","DE"
"Gerd","DE"
"Gerhard","DE"
"Gerhardt","DE"
"Germaine","DE"
"Gernot","DE"
"Gertrud","DE"
"Gisela","DE"
"Gosbert","DE"
"Gottfried","DE"
"Gotthard","DE"
"Gregor","DE"
"Grete","DE"
"Groting","DE"
"Guenter","DE"
"Guenther","DE"
"Gugelot","DE"
"Gundula","DE"
"Gunta","DE"
"Gunter","DE"
"Gunther","DE"
"Gustav","DE"
"Günter","DE"
"Günther","DE"
"H","DE"
"Hajo","DE"
"Hann","DE"
"Hanna","DE"
"Hannah","DE"
"Hanne","DE"
"Hannes","DE"
"Hanns","DE"
"Hans","DE"
"Harry","DE"
"Hartmut","DE"
"Harun","DE"
"Hedda","DE"
"Heike","DE"
"Hein","DE"
"Heinreich","DE"
"Heinrich","DE"
"Heinz","DE"
"Helmar","DE"
"Helmut","DE"
"Henri","DE"
"Henry","DE"
"Herbert","DE"
"Heribert","DE"
"Herman","DE"
"Hermann","DE"
"Hito","DE"
"Hoechst","DE"
"Horst","DE"
"Hubert","DE"
"Hubertus","DE"
"Hugo","DE"
"Hélène","DE"
"Ilse","DE"
"Imi","DE"
"Inge","DE"
"Ingeborg","DE"
"Ingo","DE"
"Irene","DE"
"Isa","DE"
"J","DE"
"Jacob","DE"
"Jakob","DE"
"Jan","DE"
"Janos","DE"
"Jean","DE"
"Jeanne","DE"
"Jenny","DE"
"Jerszy","DE"
"Jochen","DE"
"Johanna","DE"
"Johannes","DE"
"John","DE"
"Johnny","DE"
"Joost","DE"
"Jorinde","DE"
"Josef","DE"
"Joseph","DE"
"Josephine","DE"
"Josua","DE"
"Julia","DE"
"Julian","DE"
"Julius","DE"
"Jupp","DE"
"Jurgen","DE"
"Justen","DE"
"Jutta","DE"
"Jörg","DE"
"Jürgen","DE"
"K","DE"
"KP","DE"
"Kai","DE"
"Karin","DE"
"Karl","DE"
"Karlheinz","DE"
"Kasper","DE"
"Kate","DE"
"Katharina","DE"
"Katja","DE"
"Kayserzinn","DE"
"Kerstin","DE"
"Kiki","DE"
"Kilian","DE"
"Kirsten","DE"
"Klaus","DE"
"Konrad","DE"
"Konstantin","DE"
"Kota","DE"
"Kuron","DE"
"Kurt","DE"
"Käthe","DE"
"L","DE"
"Lambert","DE"
"Laurenz","DE"
"Leni","DE"
"Leonore","DE"
"Leopold","DE"
"Lilly","DE"
"Lisa","DE"
"Loescher","DE"
"Lore","DE"
"Loretta","DE"
"Lortz","DE"
"Lothar","DE"
"Lotte","DE"
"Lovis","DE"
"Lucian","DE"
"Ludwig","DE"
"Luigi","DE"
"Lutz","DE"
"Maarten","DE"
"Mac","DE"
"Magnus","DE"
"Maina","DE"
"Manfred","DE"
"Marc","DE"
"Marcel","DE"
"Marco","DE"
"Maren","DE"
"Maria","DE"
"Marianne","DE"
"Markus","DE"
"Marli","DE"
"Martin","DE"
"Mathias","DE"
"Matthias","DE"
"Max","DE"
"Michael","DE"
"Michel","DE"
"Mike","DE"
"Milly","DE"
"Miriam","DE"
"Monika","DE"
"Moritz","DE"
"Natalie","DE"
"Neo","DE"
"Nick","DE"
"Nina","DE"
"Nora","DE"
"Norbert","DE"
"Olaf","DE"
"Olav","DE"
"Oliver","DE"
"Oscar","DE"
"Oskar","DE"
"Oswald","DE"
"Otl","DE"
"Otto","DE"
"Ottokar","DE"
"Ottomar","DE"
"Owo","DE"
"Pach","DE"
"Paloma","DE"
"Patriz","DE"
"Paul","DE"
"Paula","DE"
"Peer","DE"
"Percy","DE"
"Peter","DE"
"Pierre","DE"
"Porsche","DE"
"Priska","DE"
"Rainer","DE"
"Ralf","DE"
"Ralph","DE"
"Rebecca","DE"
"Regina","DE"
"Reiner","DE"
"Reinhard","DE"
"Reinhold","DE"
"René","DE"
"Renée","DE"
"Richard","DE"
"Ringl","DE"
"Robert","DE"
"Rolf","DE"
"Roman","DE"
"Rosa","DE"
"Rosemarie","DE"
"Rudi","DE"
"Rudolf","DE"
"Rupprecht","DE"
"Ruth","DE"
"Rüdiger","DE"
"Sabine","DE"
"Sebastian","DE"
"Siegfried","DE"
"Sigmar","DE"
"Simone","DE"
"Slechinsky","DE"
"Spilling","DE"
"Stefan","DE"
"Stephan","DE"
"Sterling","DE"
"Susan","DE"
"Theodor","DE"
"Theodore","DE"
"Thomas","DE"
"Tim","DE"
"Timm","DE"
"Tom","DE"
"Tomas","DE"
"Tomma","DE"
"Toni","DE"
"Trude","DE"
"Udo","DE"
"Ulay","DE"
"Ulli","DE"
"Ulrich","DE"
"Ulrike","DE"
"Umbo","DE"
"Unkn","DE"
"Ursula","DE"
"Uwe","DE"
"Vera","DE"
"Via","DE"
"Volker","DE"
"Volkmar","DE"
"Walter","DE"
"Walther","DE"
"Weigl","DE"
"Werner","DE"
"Wilfred","DE"
"Wilhelm","DE"
"Willi","DE"
"William","DE"
"Willibald","DE"
"Willy","DE"
"Wim","DE"
"Winfred","DE"
"Winfried","DE"
"Wolf","DE"
"Wolfgang","DE"
"Wolfsberg","DE"
"Wols","DE"
"Yva","DE"
"Yvonne","DE"
"Aage","DK"
"Arne","DK"
"Asger","DK"
"Axel","DK"
"Bago","DK"
"Bent","DK"
"Bjorn","DK"
"Carl","DK"
"Coloplast","DK"
"Egill","DK"
"Ejler","DK"
"Else","DK"
"Eric","DK"
"Erik","DK"
"Finn","DK"
"Flemming","DK"
"Gabriel","DK"
"Godtfred","DK"
"Grete","DK"
"Gunnar","DK"
"Hans","DK"
"Helge","DK"
"Henning","DK"
"Henry","DK"
"Herbert","DK"
"Holger","DK"
"Hân","DK"
"Ibi","DK"
"Jacob","DK"
"Jakob","DK"
"Jan","DK"
"Jens","DK"
"Jesper","DK"
"Joachim","DK"
"Johannes","DK"
"Johs","DK"
"Jorgen","DK"
"K","DK"
"Karin","DK"
"Kirstine","DK"
"Knud","DK"
"Kristian","DK"
"Kurt","DK"
"Lars","DK"
"Louise","DK"
"Mads","DK"
"Magnus","DK"
"Mathias","DK"
"Mogens","DK"
"Nicolas","DK"
"Niels","DK"
"Olafur","DK"
"Palle","DK"
"Per","DK"
"Peter","DK"
"Poul","DK"
"Richard","DK"
"Roald","DK"
"SUPERFLEX","DK"
"Sergej","DK"
"Sigurd","DK"
"Sonja","DK"
"Stig","DK"
"Susanne","DK"
"Sven","DK"
"Svend","DK"
"Thomas","DK"
"Torben","DK"
"Troels","DK"
"Various","DK"
"Verner","DK"
"Willy","DK"
"Djamila","DZ"
"Jean","DZ"
"Lyès","DZ"
"M","DZ"
"Mehdi","DZ"
"Yamina","DZ"
"Diógenes","EC"
"Galo","EC"
"Peter","EC"
"Víctor","EC"
"Jüri","EE"
"Louis","EE"
"Raul","EE"
"Amira","EG"
"Ecke","EG"
"Ibram","EG"
"Karim","EG"
"Sameer","EG"
"Wael","EG"
"William","EG"
"A","ES"
"America","ES"
"Andrés","ES"
"Antoni","ES"
"Antonio","ES"
"Arribas","ES"
"Arteche","ES"
"Arturo","ES"
"Bigas","ES"
"Boni","ES"
"Carme","ES"
"Cañavate","ES"
"Chema","ES"
"Doroteo","ES"
"Eduardo","ES"
"Elena","ES"
"Enric","ES"
"Enrique","ES"
"Ernesto","ES"
"Esteban","ES"
"Ester","ES"
"Eugene","ES"
"Eusebio","ES"
"Federico","ES"
"Fernando","ES"
"Francesc","ES"
"Francisco","ES"
"Gerardo","ES"
"I","ES"
"Ismael","ES"
"J","ES"
"Jaume","ES"
"Javier","ES"
"Jesús","ES"
"Joan","ES"
"Jordi","ES"
"Jorge","ES"
"Jose","ES"
"Josep","ES"
"José","ES"
"Juan","ES"
"Julio","ES"
"Juvenal","ES"
"Lorenzo","ES"
"Luis","ES"
"Manolo","ES"
"Manuel","ES"
"Mariano","ES"
"Marti","ES"
"Martín","ES"
"Mauricio","ES"
"Melendreras","ES"
"Miguel","ES"
"Miquel","ES"
"Modest","ES"
"Oliva","ES"
"Oliver","ES"
"Oscar","ES"
"Pablo","ES"
"Patricia","ES"
"Paul","ES"
"Pedrero","ES"
"Pedro","ES"
"Pere","ES"
"Rafael","ES"
"Renan","ES"
"Riba","ES"
"Ricardo","ES"
"Salvador","ES"
"Santiago","ES"
"Susana","ES"
"Teo","ES"
"Teresa","ES"
"Tontsere","ES"
"Victor","ES"
"Victoria","ES"
"Vincente","ES"
"Wila","ES"
"Xirinin","ES"
"Zush","ES"
"Julie","ET"
"Skunder","ET"
"Aarne","FI"
"Aino","FI"
"Aki","FI"
"Akseli","FI"
"Alvar","FI"
"Antti","FI"
"Bertel","FI"
"Dora","FI"
"Eero","FI"
"Eija","FI"
"Gunnel","FI"
"Göran","FI"
"Harri","FI"
"Janne","FI"
"Jean","FI"
"Jukka","FI"
"Jyrki","FI"
"Kaj","FI"
"Kari","FI"
"Maria","FI"
"Marja","FI"
"Mauritz","FI"
"Nanny","FI"
"Olli","FI"
"Olof","FI"
"Pentti","FI"
"Pia","FI"
"Riiko","FI"
"Ritva","FI"
"Saara","FI"
"Stockmarr","FI"
"Tapio","FI"
"Timo","FI"
"Tom","FI"
"Valto","FI"
"Yrjö","FI"
"A","FR"
"Abram","FR"
"Achille","FR"
"Achilles","FR"
"Adolf","FR"
"Adolphe","FR"
"Adrien","FR"
"Alain","FR"
"Albert","FR"
"Alexandre","FR"
"Alfred","FR"
"Alice","FR"
"Alphonse","FR"
"Amédée","FR"
"Andreas","FR"
"André","FR"
"Annette","FR"
"Antoine","FR"
"Antonin","FR"
"Aristide","FR"
"Arman","FR"
"Armand","FR"
"Arnaud","FR"
"Arsène","FR"
"Atelier","FR"
"Auguste","FR"
"Axel","FR"
"Bacard","FR"
"Balthus","FR"
"Bernar","FR"
"Bernard","FR"
"Bertall","FR"
"Berthe","FR"
"Berthold","FR"
"Bertrand","FR"
"Blanc","FR"
"Bouchra","FR"
"Bouillon","FR"
"Boutrou","FR"
"Braun","FR"
"Brice","FR"
"Bruno","FR"
"Camille","FR"
"Carole","FR"
"Caroline","FR"
"Catherine","FR"
"Cause","FR"
"Cazals","FR"
"Cedric","FR"
"Ch","FR"
"Chaim","FR"
"Charles","FR"
"Chas","FR"
"Chris","FR"
"Christian","FR"
"Christophe","FR"
"Claire","FR"
"Claude","FR"
"Clementine","FR"
"Clovis","FR"
"Colette","FR"
"Coulon","FR"
"Cyprien","FR"
"Cédric","FR"
"César","FR"
"Dagron","FR"
"Damien","FR"
"Daniel","FR"
"Denis","FR"
"Dominique","FR"
"Dornac","FR"
"Décolletage","FR"
"Démétrius","FR"
"E","FR"
"Edme","FR"
"Edmond","FR"
"Edouard","FR"
"Eli","FR"
"Elliott","FR"
"Emile","FR"
"Emilio","FR"
"Enrique","FR"
"Eric","FR"
"Erick","FR"
"Ernest","FR"
"Erwin","FR"
"Etienne","FR"
"Eugène","FR"
"Eugéne","FR"
"Euzhan","FR"
"F","FR"
"Fabrice","FR"
"Felix","FR"
"Ferdinand","FR"
"Fernand","FR"
"Firmin","FR"
"Flaminaire","FR"
"Francis","FR"
"Franck","FR"
"Francois","FR"
"François","FR"
"Françoise","FR"
"Frédéric","FR"
"Félix","FR"
"G","FR"
"Gabriel","FR"
"Gary","FR"
"Gaspard","FR"
"Gaston","FR"
"Geneviève","FR"
"George","FR"
"Georges","FR"
"Gerard","FR"
"Germaine","FR"
"Geza","FR"
"Gilles","FR"
"Gina","FR"
"Gottlob","FR"
"Grapus","FR"
"Guillaume","FR"
"Gustave","FR"
"Guy","FR"
"Gérald","FR"
"Gérard","FR"
"H","FR"
"Harry","FR"
"Hector","FR"
"Henri","FR"
"Henriette","FR"
"Henry","FR"
"Hermine","FR"
"Hilaire","FR"
"Hippolyte","FR"
"Honoré","FR"
"Huguette","FR"
"Izis","FR"
"J","FR"
"Jacqueline","FR"
"Jacques","FR"
"Jane","FR"
"Jean","FR"
"Jeanne","FR"
"John","FR"
"Joseph","FR"
"Jouineau","FR"
"Joël","FR"
"Jules","FR"
"Julien","FR"
"Jöelle","FR"
"Kader","FR"
"Kees","FR"
"Ker","FR"
"L","FR"
"Laure","FR"
"Le","FR"
"Lebegue","FR"
"Lege","FR"
"Leon","FR"
"Lobel","FR"
"Louis","FR"
"Louise","FR"
"Luc","FR"
"Lucien","FR"
"Léo","FR"
"Léon","FR"
"Léopold","FR"
"M","FR"
"Mansard","FR"
"Manuel","FR"
"Marc","FR"
"Marcel","FR"
"Marcelle","FR"
"Marguerite","FR"
"Marie","FR"
"Marine","FR"
"Mario","FR"
"Marisol","FR"
"Marquis","FR"
"Martial","FR"
"Martin","FR"
"Martine","FR"
"Maréchal","FR"
"Mathieu","FR"
"Matias","FR"
"Maurice","FR"
"Max","FR"
"Maxime","FR"
"Maximilian","FR"
"Maxine","FR"
"Melik","FR"
"Michel","FR"
"Misti","FR"
"Monsieur","FR"
"Morillon","FR"
"Nadar","FR"
"Narcisse","FR"
"Nicolas","FR"
"Niki","FR"
"Noémi","FR"
"Odette","FR"
"Odilon","FR"
"Olivier","FR"
"Olympe","FR"
"Ossip","FR"
"Othon","FR"
"Otto","FR"
"P","FR"
"Pascale","FR"
"Pathé","FR"
"Patrice","FR"
"Patrick","FR"
"Paul","FR"
"Philibert","FR"
"Philippe","FR"
"Photographie","FR"
"Pierre","FR"
"Pierrette","FR"
"R","FR"
"Raoul","FR"
"Raphael","FR"
"Raymond","FR"
"Raymonde","FR"
"René","FR"
"Robert","FR"
"Rocher","FR"
"Rodolphe","FR"
"Roger","FR"
"Roland","FR"
"Romain","FR"
"Roman","FR"
"Régis","FR"
"S","FR"
"Saint","FR"
"Sam","FR"
"Sarkis","FR"
"Sebastián","FR"
"Serge","FR"
"Sophie","FR"
"Stephany","FR"
"Stéphane","FR"
"Suzanne","FR"
"Sylvain","FR"
"Séraphine","FR"
"Tancrède","FR"
"Taupin","FR"
"Terry","FR"
"Theo","FR"
"Theodore","FR"
"Thierry","FR"
"Théodore","FR"
"Théophile","FR"
"Toni","FR"
"V","FR"
"Valdo","FR"
"Valentine","FR"
"Vallauris","FR"
"Valère","FR"
"Valérie","FR"
"Various","FR"
"Vincent","FR"
"Yto","FR"
"Yvaral","FR"
"Yves","FR"
"Zao","FR"
"interware","FR"
"matali","FR"
"Édouard","FR"
"Émile","FR"
"Éric","FR"
"Étienne","FR"
"A","GB"
"Abram","GB"
"Adam","GB"
"Adrian","GB"
"Alan","GB"
"Albert","GB"
"Alex","GB"
"Alexander","GB"
"Alfred","GB"
"Algernon","GB"
"Allan","GB"
"Allen","GB"
"Alun","GB"
"Amanda","GB"
"Andrew","GB"
"Angus","GB"
"Ann","GB"
"Anna","GB"
"Anthony","GB"
"Archibald","GB"
"Armando","GB"
"Ashley","GB"
"Atelier","GB"
"Aubrey","GB"
"Augustus","GB"
"Austin","GB"
"Barbara","GB"
"Barnett","GB"
"Barney","GB"
"Barry","GB"
"Basil","GB"
"Beath","GB"
"Ben","GB"
"Benjamin","GB"
"Berger","GB"
"Bernard","GB"
"Bill","GB"
"Brian","GB"
"Bridget","GB"
"Brown","GB"
"Bruce","GB"
"Bryan","GB"
"Brynhild","GB"
"C","GB"
"Captain","GB"
"Carpenter","GB"
"Ceal","GB"
"Cecil","GB"
"Cecily","GB"
"Cedric","GB"
"Ceri","GB"
"Cerith","GB"
"Chad","GB"
"Charles","GB"
"Charlie","GB"
"Chris","GB"
"Christian","GB"
"Christopher","GB"
"Claire","GB"
"Clare","GB"
"Claud","GB"
"Claude","GB"
"Clement","GB"
"Clive","GB"
"Colin","GB"
"Conrad","GB"
"Cornelia","GB"
"Craigie","GB"
"Crispin","GB"
"Cudsen","GB"
"Curtis","GB"
"Cyril","GB"
"Dacres","GB"
"Damien","GB"
"Daniel","GB"
"Danny","GB"
"Darren","GB"
"Dave","GB"
"David","GB"
"Deidre","GB"
"Derek","GB"
"Dick","GB"
"Don","GB"
"Donald","GB"
"Donia","GB"
"Dora","GB"
"Douglas","GB"
"Dr","GB"
"Dryden","GB"
"Dudley","GB"
"Duncan","GB"
"E","GB"
"Eadweard","GB"
"Eckersley","GB"
"Ed","GB"
"Edgar","GB"
"Edna","GB"
"Eduardo","GB"
"Edward","GB"
"Edwin","GB"
"Elisabeth","GB"
"Elizabeth","GB"
"Eric","GB"
"Ernest","GB"
"Eve","GB"
"Ewan","GB"
"F","GB"
"FM","GB"
"Fallon","GB"
"Fiona","GB"
"Ford","GB"
"Foster","GB"
"Fougasse","GB"
"Francis","GB"
"Frank","GB"
"Freddie","GB"
"Frederick","GB"
"G","GB"
"Gareth","GB"
"Garth","GB"
"Gary","GB"
"Gavin","GB"
"Geoffrey","GB"
"George","GB"
"Georgina","GB"
"Gerald","GB"
"Gerland","GB"
"Gilbert","GB"
"Gillian","GB"
"Glen","GB"
"Glenn","GB"
"Gordon","GB"
"Graham","GB"
"Grayson","GB"
"Grenville","GB"
"Grey","GB"
"Guy","GB"
"Gwen","GB"
"H","GB"
"Hal","GB"
"Hamish","GB"
"Hans","GB"
"Harold","GB"
"Harry","GB"
"Harvey","GB"
"Hayley","GB"
"Helen","GB"
"Henry","GB"
"Herbert","GB"
"Herry","GB"
"Hill","GB"
"Hipgnosis","GB"
"Howard","GB"
"Hubert","GB"
"Hugh","GB"
"Humphrey","GB"
"Hurvin","GB"
"Iain","GB"
"Ian","GB"
"Ide","GB"
"Isaac","GB"
"Ithell","GB"
"Ivan","GB"
"Ivor","GB"
"J","GB"
"Jack","GB"
"Jacqueline","GB"
"James","GB"
"Jamie","GB"
"Jasper","GB"
"Jeremy","GB"
"Jim","GB"
"Joe","GB"
"Joey","GB"
"John","GB"
"Jonathan","GB"
"Joseph","GB"
"Josephine","GB"
"Josiah","GB"
"Julia","GB"
"Julian","GB"
"Julien","GB"
"June","GB"
"Jussuff","GB"
"Justin","GB"
"Kate","GB"
"Keith","GB"
"Ken","GB"
"Kenneth","GB"
"Kevin","GB"
"Klara","GB"
"Langlands","GB"
"Larry","GB"
"Laurence","GB"
"Lawrence","GB"
"Leon","GB"
"Leonora","GB"
"Leslie","GB"
"Lewis","GB"
"Liam","GB"
"Linder","GB"
"Linnaeus","GB"
"Lionel","GB"
"Liza","GB"
"Llewellyn","GB"
"Louise","GB"
"Lucy","GB"
"Lynette","GB"
"Lynn","GB"
"Lynne","GB"
"Mackay","GB"
"Malcolm","GB"
"Marc","GB"
"Mark","GB"
"Marlow","GB"
"Martin","GB"
"Martyn","GB"
"Mary","GB"
"Matthew","GB"
"Maureen","GB"
"Maurice","GB"
"Max","GB"
"Melanie","GB"
"Mercer","GB"
"Merlyn","GB"
"Mervyn","GB"
"Michael","GB"
"Mick","GB"
"Mike","GB"
"Muirhead","GB"
"Nathan","GB"
"Neal","GB"
"Neville","GB"
"Nicholas","GB"
"Nick","GB"
"Nicola","GB"
"Nicolas","GB"
"Nigel","GB"
"Norman","GB"
"Oliver","GB"
"Oscar","GB"
"Owen","GB"
"Pamela","GB"
"Pat","GB"
"Patrick","GB"
"Paul","GB"
"Payne","GB"
"Percy","GB"
"Peter","GB"
"Phil","GB"
"Philip","GB"
"Pratibha","GB"
"Prunella","GB"
"Rachel","GB"
"Rackstraw","GB"
"Ralph","GB"
"Rapier","GB"
"Raymond","GB"
"Rebecca","GB"
"Reeves","GB"
"Reg","GB"
"Reiss","GB"
"Rex","GB"
"Richard","GB"
"Ridley","GB"
"Robert","GB"
"Robin","GB"
"Robyn","GB"
"Roger","GB"
"Roland","GB"
"Ron","GB"
"Ronald","GB"
"Rory","GB"
"Rosalind","GB"
"Ross","GB"
"Rowe","GB"
"Rowland","GB"
"Roy","GB"
"Russell","GB"
"Ryan","GB"
"S","GB"
"Sally","GB"
"Sam","GB"
"Same","GB"
"Samuel","GB"
"Sandra","GB"
"Sarah","GB"
"Scott","GB"
"Scottie","GB"
"Sebastian","GB"
"Sheila","GB"
"Simon","GB"
"Sir","GB"
"Sister","GB"
"Spencer","GB"
"Stanley","GB"
"Stephen","GB"
"Steve","GB"
"Steven","GB"
"Stuart","GB"
"Studio","GB"
"Su","GB"
"Sue","GB"
"Sybil","GB"
"Sylvia","GB"
"T","GB"
"Tacita","GB"
"Terence","GB"
"Terry","GB"
"Test","GB"
"The","GB"
"Theyre","GB"
"Thomas","GB"
"Thompson","GB"
"Throbbing","GB"
"Tim","GB"
"Tino","GB"
"Toby","GB"
"Tom","GB"
"Tony","GB"
"Tracey","GB"
"Trevor","GB"
"Tristram","GB"
"Unkn","GB"
"Ursula","GB"
"Vanessa","GB"
"Verney","GB"
"Vernon","GB"
"Vic","GB"
"Victor","GB"
"W","GB"
"Walead","GB"
"Wall","GB"
"Walter","GB"
"Wendela","GB"
"Will","GB"
"William","GB"
"Wyndham","GB"
"Yinka","GB"
"Zacron","GB"
"Zero","GB"
"Andro","GE"
"Lana","GE"
"Levan","GE"
"Rouben","GE"
"Tengiz","GE"
"Thea","GE"
"Daniel","GH"
"El","GH"
"Achilles","GR"
"Athena","GR"
"Budry","GR"
"Chryssa","GR"
"Constantine","GR"
"Costa","GR"
"D","GR"
"Giorgio","GR"
"Jannis","GR"
"Lucas","GR"
"Nassos","GR"
"Nicos","GR"
"Nikos","GR"
"Pavlos","GR"
"Polygnotos","GR"
"Takis","GR"
"Théo","GR"
"Carlos","GT"
"Roberto","GT"
"Rodolfo","GT"
"Teddy","GT"
"Frank","GY"
"Paul","HK"
"Arsen","HR"
"Dalibor","HR"
"David","HR"
"Davor","HR"
"Ivana","HR"
"Josip","HR"
"Mangelos","HR"
"Mladen","HR"
"Sanja","HR"
"Tomislav","HR"
"Arnold","HT"
"Castera","HT"
"Denis","HT"
"Dieudonne","HT"
"Enguérrand","HT"
"Gabriel","HT"
"Georges","HT"
"Hervé","HT"
"Philomé","HT"
"Raoul","HT"
"René","HT"
"Roland","HT"
"Various","HT"
"Wilson","HT"
"Alexander","HU"
"Alfred","HU"
"András","HU"
"André","HU"
"Antoine","HU"
"Arnold","HU"
"Bela","HU"
"Bernard","HU"
"Bertalan","HU"
"Cornell","HU"
"Dóra","HU"
"Endre","HU"
"Ernö","HU"
"Etienne","HU"
"Eva","HU"
"Farkas","HU"
"Francis","HU"
"Gabor","HU"
"George","HU"
"Gusztáv","HU"
"Gyula","HU"
"György","HU"
"Imre","HU"
"István","HU"
"Josef","HU"
"Jozsef","HU"
"Judit","HU"
"József","HU"
"Lajos","HU"
"Lucien","HU"
"László","HU"
"Marcel","HU"
"Martin","HU"
"Mihály","HU"
"Miklos","HU"
"Nicholas","HU"
"Nickolas","HU"
"Peter","HU"
"Péter","HU"
"Rita","HU"
"Robert","HU"
"Rogi","HU"
"Simon","HU"
"Sylvia","HU"
"Thomaz","HU"
"Tibor","HU"
"Tihamér","HU"
"Victor","HU"
"Vilmos","HU"
"Yona","HU"
"Zoltan","HU"
"Garin","ID"
"Cathy","IE"
"Eva","IE"
"Fergus","IE"
"Francis","IE"
"Ian","IE"
"Jim","IE"
"John","IE"
"Kenneth","IE"
"Pat","IE"
"Patrick","IE"
"Roderic","IE"
"Sean","IE"
"Stefana","IE"
"Timothy","IE"
"Willie","IE"
"Agam","IL"
"Amos","IL"
"Anna","IL"
"Barry","IL"
"Benni","IL"
"Bezalel","IL"
"David","IL"
"Elad","IL"
"Elinor","IL"
"Esti","IL"
"Ezra","IL"
"Gabi","IL"
"Guy","IL"
"Igael","IL"
"Irit","IL"
"Isidora","IL"
"Izhar","IL"
"Izika","IL"
"Jacob","IL"
"Jakob","IL"
"Marcel","IL"
"Mati","IL"
"Menashe","IL"
"Micha","IL"
"Michael","IL"
"Michal","IL"
"Mika","IL"
"Mordechai","IL"
"Moshe","IL"
"Munio","IL"
"Nachume","IL"
"Nahum","IL"
"Naomi","IL"
"Oded","IL"
"Pinchas","IL"
"Revital","IL"
"Ron","IL"
"Schlomo","IL"
"Serge","IL"
"Shalom","IL"
"Shay","IL"
"Sigalit","IL"
"Tirtza","IL"
"William","IL"
"Yael","IL"
"Yarom","IL"
"Yaron","IL"
"Yehudit","IL"
"Yoram","IL"
"Zadok","IL"
"Zvi","IL"
"Zwi","IL"
"Acharya","IN"
"Adoor","IN"
"Anish","IN"
"Bhupen","IN"
"Hermann","IN"
"Jyoti","IN"
"Krishen","IN"
"Manish","IN"
"Mira","IN"
"Mohan","IN"
"N","IN"
"Nalini","IN"
"Nasreen","IN"
"Raghubir","IN"
"Rajesh","IN"
"Ranjani","IN"
"Raqib","IN"
"Sandeep","IN"
"Sanjeev","IN"
"Satish","IN"
"Shambhavi","IN"
"Sidharth","IN"
"Vasudeo","IN"
"Vijay","IN"
"Yusuf","IN"
"Zarina","IN"
"Hiner","IQ"
"Kais","IQ"
"Oday","IQ"
"Zaha","IQ"
"Abbas","IR"
"Ali","IR"
"Bahman","IR"
"Faramarz","IR"
"Granaz","IR"
"Hossein","IR"
"Kambozia","IR"
"Mani","IR"
"Manijeh","IR"
"Mehrdad","IR"
"Mohammad","IR"
"Mohsen","IR"
"Morteza","IR"
"Naghi","IR"
"Natascha","IR"
"Shirana","IR"
"Shirazeh","IR"
"Shirin","IR"
"Tala","IR"
"CCP","IS"
"Erro","IS"
"Jóhanna","IS"
"Jóhannes","IS"
"Nina","IS"
"Ragnar","IS"
"Steina","IS"
"Svavar","IS"
"A","IT"
"Achille","IT"
"Adolpho","IT"
"Afro","IT"
"Agenore","IT"
"Alberico","IT"
"Alberto","IT"
"Aldo","IT"
"Alessandro","IT"
"Alfonso","IT"
"Alfredo","IT"
"Alighiero","IT"
"Aligi","IT"
"Alik","IT"
"Amedeo","IT"
"Andrea","IT"
"Angelo","IT"
"Anna","IT"
"Antonia","IT"
"Antonio","IT"
"Ardegno","IT"
"Armando","IT"
"Arnaldo","IT"
"Arturo","IT"
"Ben","IT"
"Bernardo","IT"
"Bona","IT"
"Bruno","IT"
"Carlo","IT"
"Carol","IT"
"Cesare","IT"
"Clyde","IT"
"Corradino","IT"
"David","IT"
"Davide","IT"
"Domenico","IT"
"Edizioni","IT"
"Edmondo","IT"
"Edoardo","IT"
"Ele","IT"
"Eleanore","IT"
"Emilio","IT"
"Emma","IT"
"Emmanuel","IT"
"Enrico","IT"
"Enzo","IT"
"Ercole","IT"
"Ettore","IT"
"Eugenio","IT"
"Ezio","IT"
"Fabio","IT"
"Fabrizio","IT"
"Farfa","IT"
"Fausto","IT"
"Federico","IT"
"Felice","IT"
"Filippo","IT"
"Fiorenzo","IT"
"Flavio","IT"
"Fortunato","IT"
"Francesco","IT"
"Franco","IT"
"Frank","IT"
"Fratelli","IT"
"Frederick","IT"
"Fulvio","IT"
"Gabriele","IT"
"Gae","IT"
"Gaetano","IT"
"Gastone","IT"
"Getulio","IT"
"Giacchino","IT"
"Giacomo","IT"
"Giancarlo","IT"
"Giandomenico","IT"
"Gianfranco","IT"
"Gianni","IT"
"Gilberto","IT"
"Gino","IT"
"Gio","IT"
"Giorgio","IT"
"Giovanni","IT"
"Giulio","IT"
"Giuseppe","IT"
"Giò","IT"
"Graziella","IT"
"Guglielmo","IT"
"Guido","IT"
"Guillaume","IT"
"Harry","IT"
"Ivo","IT"
"James","IT"
"Joe","IT"
"Jorge","IT"
"Juan","IT"
"Laura","IT"
"Lauretta","IT"
"Leonardo","IT"
"Leonetto","IT"
"Leopoldo","IT"
"Liberia","IT"
"Lino","IT"
"Luca","IT"
"Luchino","IT"
"Luciano","IT"
"Lucio","IT"
"Ludovico","IT"
"Luigi","IT"
"Luisa","IT"
"Marcello","IT"
"Marco","IT"
"Margherita","IT"
"Marina","IT"
"Marino","IT"
"Mario","IT"
"Marisa","IT"
"Mark","IT"
"Massimo","IT"
"Matteo","IT"
"Mattia","IT"
"Mauricio","IT"
"Maurizio","IT"
"Medardo","IT"
"Mercedes","IT"
"Michelangelo","IT"
"Mimmo","IT"
"Mino","IT"
"Mirko","IT"
"Monica","IT"
"Nanni","IT"
"Nason","IT"
"Osvaldo","IT"
"Oswald","IT"
"Paola","IT"
"Paolo","IT"
"Pasquale","IT"
"Pasqualino","IT"
"Pericle","IT"
"Peter","IT"
"Pia","IT"
"Pier","IT"
"Piero","IT"
"Pietro","IT"
"Pininfarina","IT"
"Pino","IT"
"Pio","IT"
"Raffaele","IT"
"Renato","IT"
"Renzo","IT"
"Riccardo","IT"
"Rico","IT"
"Rigobaldi","IT"
"Roberto","IT"
"Rodolfo","IT"
"Romeo","IT"
"Romolo","IT"
"Rossella","IT"
"Rudolf","IT"
"Sahlan","IT"
"Sal","IT"
"Salvatore","IT"
"Salvo","IT"
"Sandro","IT"
"Seb","IT"
"Sergio","IT"
"Silvio","IT"
"Simone","IT"
"Stanislao","IT"
"Stefano","IT"
"Studio","IT"
"Sylvano","IT"
"Tancredi","IT"
"Tina","IT"
"Tobia","IT"
"Tommaso","IT"
"Toni","IT"
"Tono","IT"
"Tranquillo","IT"
"Tullio","IT"
"U","IT"
"Ugo","IT"
"Umberto","IT"
"Valerio","IT"
"Vanessa","IT"
"Various","IT"
"Venna","IT"
"Vico","IT"
"Vinicio","IT"
"Virgilio","IT"
"Vitale","IT"
"Vittorio","IT"
"Walter","IT"
"Wanda","IT"
"Lawrence","JO"
"Abe","JP"
"Ado","JP"
"Aijiro","JP"
"Akihiko","JP"
"Akihiro","JP"
"Akiko","JP"
"Akio","JP"
"Akira","JP"
"Arata","JP"
"Arinori","JP"
"Asao","JP"
"Atsuko","JP"
"Ay","JP"
"Bishin","JP"
"Casio","JP"
"Chimei","JP"
"Chizuko","JP"
"Chuji","JP"
"Daido","JP"
"Ei","JP"
"Eiji","JP"
"Eiko","JP"
"Eikoh","JP"
"Eizi","JP"
"Emros","JP"
"Ernst","JP"
"Figla","JP"
"Fujiko","JP"
"Fujio","JP"
"Fukita","JP"
"Fukuhara","JP"
"Fukui","JP"
"Fumihiko","JP"
"Fumiko","JP"
"Fumio","JP"
"Gajin","JP"
"Genichiro","JP"
"Genpei","JP"
"George","JP"
"Goro","JP"
"Hagiwara","JP"
"Hajime","JP"
"Haku","JP"
"Hakudo","JP"
"Hakuyo","JP"
"Hakuyu","JP"
"Harumi","JP"
"Haruzo","JP"
"Hasegawa","JP"
"Hasui","JP"
"Hatsuo","JP"
"Hayao","JP"
"Hi","JP"
"Hideji","JP"
"Hideo","JP"
"Hideoki","JP"
"Hideshima","JP"
"Higa","JP"
"Hiroaki","JP"
"Hiroe","JP"
"Hirokazu","JP"
"Hiromi","JP"
"Hironori","JP"
"Hiroshi","JP"
"Hiroyuki","JP"
"Hisae","JP"
"Hisao","JP"
"Hitoshi","JP"
"Hodaka","JP"
"Hosoda","JP"
"Ide","JP"
"Ihei","JP"
"Ikeda","JP"
"Ikko","JP"
"Inagaki","JP"
"Isamu","JP"
"Ishimoto","JP"
"Issey","JP"
"Iwao","JP"
"Iwata","JP"
"Jinkichi","JP"
"Jiro","JP"
"Jonathan","JP"
"Josaku","JP"
"Juichi","JP"
"Jun","JP"
"Junichi","JP"
"K","JP"
"Kanamori","JP"
"Kanji","JP"
"Katsuhiro","JP"
"Katsuji","JP"
"Katsunori","JP"
"Katsuro","JP"
"Katsuya","JP"
"Kawakami","JP"
"Kawanishi","JP"
"Kaworu","JP"
"Kazuhiro","JP"
"Kazuko","JP"
"Kazumasa","JP"
"Kazuo","JP"
"Kazuyo","JP"
"Keigo","JP"
"Keiji","JP"
"Keiko","JP"
"Keisuke","JP"
"Keita","JP"
"Keizo","JP"
"Ken","JP"
"Kengiro","JP"
"Kengo","JP"
"Kenichiro","JP"
"Kenji","JP"
"Kenjiro","JP"
"Key","JP"
"Kikuji","JP"
"Kinji","JP"
"Kinsuke","JP"
"Kisho","JP"
"Kitaoji","JP"
"Kiyoshi","JP"
"Ko","JP"
"Kobayashi","JP"
"Kohei","JP"
"Koichi","JP"
"Koji","JP"
"Komai","JP"
"Koshiro","JP"
"Kosuke","JP"
"Koyo","JP"
"Kumi","JP"
"Kumiko","JP"
"Kunihiro","JP"
"Kunio","JP"
"Kunié","JP"
"Kyo","JP"
"Kyoko","JP"
"Larry","JP"
"Mabuchi","JP"
"Madoka","JP"
"Makio","JP"
"Mako","JP"
"Makoto","JP"
"Mamoru","JP"
"Mariko","JP"
"Masahisa","JP"
"Masaji","JP"
"Masaki","JP"
"Masamitsu","JP"
"Masatoshi","JP"
"Masaya","JP"
"Masayuki","JP"
"Masunobu","JP"
"Masuo","JP"
"Masuteru","JP"
"Matsumura","JP"
"Meiro","JP"
"Michio","JP"
"Midorikawa","JP"
"Mieko","JP"
"Minoru","JP"
"Mitsubishi","JP"
"Mitsuo","JP"
"Miyako","JP"
"Mokuma","JP"
"Morihiro","JP"
"Morita","JP"
"Murai","JP"
"Mutsumi","JP"
"Naganuma","JP"
"Nagisa","JP"
"Nankoku","JP"
"Naoki","JP"
"Naoko","JP"
"Naoto","JP"
"Naoya","JP"
"Natsuyuki","JP"
"Nobuaki","JP"
"Nobuhiro","JP"
"Nobuya","JP"
"Nobuyoshi","JP"
"Noriko","JP"
"Noritoshi","JP"
"Noriyuki","JP"
"Ohmae","JP"
"Okamura","JP"
"On","JP"
"Ono","JP"
"Osamu","JP"
"Osawa","JP"
"Panasonic","JP"
"Rei","JP"
"Reika","JP"
"Reiko","JP"
"Rikio","JP"
"Rikuro","JP"
"Risaburo","JP"
"Ryo","JP"
"Ryoji","JP"
"Ryoko","JP"
"Ryuichi","JP"
"Saburo","JP"
"Sadamasa","JP"
"Sadao","JP"
"Satoshi","JP"
"Sawada","JP"
"Seiichi","JP"
"Seiji","JP"
"Seikino","JP"
"Seitaro","JP"
"Sempan","JP"
"Senzo","JP"
"Shichiro","JP"
"Shigeko","JP"
"Shigeo","JP"
"Shigeru","JP"
"Shigeyoshi","JP"
"Shikanosuke","JP"
"Shiko","JP"
"Shin","JP"
"Shinagawa","JP"
"Shinako","JP"
"Shinro","JP"
"Shiro","JP"
"Shisui","JP"
"Shizuko","JP"
"Shohei","JP"
"Shoichi","JP"
"Shoichiro","JP"
"Shoji","JP"
"Shomei","JP"
"Shozo","JP"
"Shuichi","JP"
"Shuji","JP"
"Shusaku","JP"
"Shuzo","JP"
"Shyu","JP"
"Sokyu","JP"
"Sori","JP"
"Sugeru","JP"
"Suirei","JP"
"Sumi","JP"
"Susumu","JP"
"Tabaimo","JP"
"Tadaaki","JP"
"Tadanori","JP"
"Tadao","JP"
"Tadasky","JP"
"Takahama","JP"
"Takahisa","JP"
"Takako","JP"
"Takao","JP"
"Takashi","JP"
"Takehisa","JP"
"Takehito","JP"
"Takeichi","JP"
"Takeji","JP"
"Takenobu","JP"
"Takeo","JP"
"Takeshi","JP"
"Takuma","JP"
"Tamami","JP"
"Tamotsu","JP"
"Tatsuo","JP"
"Teiji","JP"
"Teratani","JP"
"Tetsoro","JP"
"Tetsumi","JP"
"Tetsuo","JP"
"Tetsuya","JP"
"Tokiyoshi","JP"
"Tokujin","JP"
"Tokutaro","JP"
"Tomio","JP"
"Tomohiro","JP"
"Tomoko","JP"
"Tomoyuki","JP"
"Toru","JP"
"Toshi","JP"
"Toshifumi","JP"
"Toshiko","JP"
"Toshimitsu","JP"
"Toshio","JP"
"Toshiro","JP"
"Toshiyuki","JP"
"Toyo","JP"
"Toyofuku","JP"
"Tsuchiya","JP"
"Tsugouharu","JP"
"Tsuguya","JP"
"Tsune","JP"
"Tsuneo","JP"
"Tsurumaki","JP"
"Umetaro","JP"
"Un","JP"
"Ushio","JP"
"Yamaguchi","JP"
"Yamazaki","JP"
"Yasse","JP"
"Yasuhide","JP"
"Yasuhiro","JP"
"Yasuki","JP"
"Yasumasa","JP"
"Yasunao","JP"
"Yasuo","JP"
"Yayanagi","JP"
"Yayoi","JP"
"Yoji","JP"
"Yoko","JP"
"Yoriaki","JP"
"Yoshi","JP"
"Yoshiaki","JP"
"Yoshihiro","JP"
"Yoshinobu","JP"
"Yoshio","JP"
"Yoshito","JP"
"Yoshitomo","JP"
"Yoshitoshi","JP"
"Yoshiyuki","JP"
"Yozo","JP"
"Yudio","JP"
"Yuh","JP"
"Yui","JP"
"Yuken","JP"
"Yuki","JP"
"Yukichi","JP"
"Yukihisa","JP"
"Yukinori","JP"
"Yuri","JP"
"Yusaku","JP"
"Yutaka","JP"
"Yuya","JP"
"Alan","KE"
"Christopher","KE"
"Wangechi","KE"
"Marat","KG"
"Nhem","KH"
"Chunghi","KR"
"Jo","KR"
"Joon","KR"
"Kim","KR"
"Nam","KR"
"O","KR"
"Munira","KW"
"Darezhan","KZ"
"Akram","LB"
"Ayah","LB"
"Danielle","LB"
"Delphine","LB"
"Rabih","LB"
"Randa","LB"
"Rania","LB"
"Walid","LB"
"Arbit","LT"
"Ben","LT"
"David","LT"
"Deimantas","LT"
"George","LT"
"Gerd","LT"
"Jacques","LT"
"Jonas","LT"
"Anne","LU"
"Edward","LU"
"Leon","LU"
"Michel","LU"
"Paul","LU"
"Adja","LV"
"Gustav","LV"
"Hyman","LV"
"Jan","LV"
"Janis","LV"
"Maurice","LV"
"Philippe","LV"
"Sven","LV"
"Vija","LV"
"Walter","LV"
"Ahmed","MA"
"Faouzi","MA"
"Mohamed","MA"
"William","MA"
"Teona","MK"
"Assane","ML"
"Malick","ML"
"Seydou","ML"
"Abderrahmane","MR"
"Abraham","MX"
"Agustín","MX"
"Alberto","MX"
"Alejandro","MX"
"Alfonso","MX"
"Alfredo","MX"
"Amador","MX"
"Angel","MX"
"Antonio","MX"
"Artemio","MX"
"Arturo","MX"
"Benjamín","MX"
"Carlos","MX"
"Damián","MX"
"Daniela","MX"
"David","MX"
"Desiderio","MX"
"Diego","MX"
"Dr","MX"
"Edda","MX"
"Eduardo","MX"
"Elohim","MX"
"Emiliano","MX"
"Emilio","MX"
"Enrique","MX"
"Erasto","MX"
"Everardo","MX"
"Fanny","MX"
"Federico","MX"
"Felipe","MX"
"Fernando","MX"
"Flor","MX"
"Francisco","MX"
"Frida","MX"
"Gabriel","MX"
"Georges","MX"
"Graciela","MX"
"Guillermo","MX"
"Gustavo","MX"
"Hector","MX"
"Helen","MX"
"Héctor","MX"
"Inaki","MX"
"Isidoro","MX"
"J","MX"
"Jesus","MX"
"Jesús","MX"
"José","MX"
"Juan","MX"
"Julio","MX"
"Julián","MX"
"Justino","MX"
"Kati","MX"
"Leopoldo","MX"
"Lola","MX"
"Lourdes","MX"
"Luchita","MX"
"Luis","MX"
"Magali","MX"
"Manuel","MX"
"Mariana","MX"
"Martin","MX"
"Martinez","MX"
"Mauricio","MX"
"Miguel","MX"
"Minerva","MX"
"Natalia","MX"
"Nicolás","MX"
"Olga","MX"
"Pedro","MX"
"Rafael","MX"
"Raúl","MX"
"Roberto","MX"
"Rodolfo","MX"
"Rubén","MX"
"Rufino","MX"
"Sze","MX"
"Tebo","MX"
"Teodoro","MX"
"Ulises","MX"
"Various","MX"
"Vita","MX"
"Xavier","MX"
"Ximena","MX"
"Hoy","MY"
"João","MZ"
"Ghariokwu","NG"
"J","NG"
"Armando","NI"
"Joaguín","NI"
"Ad","NL"
"Adriaan","NL"
"Aernout","NL"
"Albert","NL"
"Andries","NL"
"Ant","NL"
"Anthon","NL"
"Anton","NL"
"Ap","NL"
"Ari","NL"
"Arian","NL"
"Armando","NL"
"Bart","NL"
"Bas","NL"
"Ben","NL"
"Benno","NL"
"Bert","NL"
"Bertien","NL"
"Bram","NL"
"Bruno","NL"
"Carel","NL"
"Charles","NL"
"Chris","NL"
"Christa","NL"
"Christine","NL"
"Cindy","NL"
"Claudy","NL"
"Constant","NL"
"Corneille","NL"
"César","NL"
"Daan","NL"
"Daniel","NL"
"Dick","NL"
"Diederick","NL"
"Dirk","NL"
"Ed","NL"
"Eduard","NL"
"Emmy","NL"
"Erik","NL"
"Erwin","NL"
"Experimental","NL"
"Flex","NL"
"Floris","NL"
"Frans","NL"
"Ger","NL"
"Gerard","NL"
"Gerardus","NL"
"Gerrit","NL"
"Gert","NL"
"Geurt","NL"
"Guido","NL"
"Guillaume","NL"
"Gust","NL"
"Hannes","NL"
"Hans","NL"
"Harry","NL"
"Hella","NL"
"Hellen","NL"
"Hendrikus","NL"
"Henk","NL"
"Henny","NL"
"Irma","NL"
"J","NL"
"Jaap","NL"
"Jacob","NL"
"Jan","NL"
"Johan","NL"
"Joost","NL"
"Joris","NL"
"Jorre","NL"
"Jos","NL"
"Jozef","NL"
"Juul","NL"
"Karel","NL"
"Klaas","NL"
"Kristians","NL"
"Kryn","NL"
"L","NL"
"Lara","NL"
"Lex","NL"
"Lonnie","NL"
"Louis","NL"
"Lucebert","NL"
"M","NL"
"Madelon","NL"
"Manon","NL"
"Marcel","NL"
"Maria","NL"
"Marinus","NL"
"Mark","NL"
"Marleen","NL"
"Menno","NL"
"Michael","NL"
"Michel","NL"
"Nicolaas","NL"
"Nono","NL"
"Pat","NL"
"Paul","NL"
"Paulus","NL"
"Peter","NL"
"Piet","NL"
"Pieter","NL"
"Rem","NL"
"Richard","NL"
"Rineke","NL"
"Rob","NL"
"Rody","NL"
"Roger","NL"
"Roland","NL"
"Ruud","NL"
"Sebastiaan","NL"
"Simon","NL"
"Sipke","NL"
"Tejo","NL"
"Tekening","NL"
"Theo","NL"
"Toon","NL"
"Tord","NL"
"Valdemar","NL"
"Vincent","NL"
"Viviane","NL"
"W","NL"
"Wessel","NL"
"Wieki","NL"
"Wiel","NL"
"Wijnanda","NL"
"Willem","NL"
"William","NL"
"Wim","NL"
"Winka","NL"
"Wobbe","NL"
"Woody","NL"
"Wout","NL"
"Arne","NO"
"Bent","NO"
"Christian","NO"
"Dag","NO"
"Edvard","NO"
"Gardar","NO"
"Hanneline","NO"
"Herman","NO"
"Jan","NO"
"Jean","NO"
"Knut","NO"
"Lene","NO"
"Olaf","NO"
"Olav","NO"
"Per","NO"
"Peter","NO"
"Tone","NO"
"Vibeke","NO"
"Vilhelm","NO"
"Øistein","NO"
"Billy","NZ"
"Harry","NZ"
"Lee","NZ"
"Martin","NZ"
"Peter","NZ"
"Simon","NZ"
"Alberto","PA"
"Julio","PA"
"Armando","PE"
"Carmen","PE"
"Christina","PE"
"Edi","PE"
"Eduardo","PE"
"Elsa","PE"
"Emilio","PE"
"Espinoza","PE"
"Fernando","PE"
"Frederick","PE"
"Jacinto","PE"
"Jorge","PE"
"Josué","PE"
"José","PE"
"Julio","PE"
"Mario","PE"
"Martin","PE"
"Martín","PE"
"Miguel","PE"
"Philipp","PE"
"Rafael","PE"
"Sandra","PE"
"Sebastian","PE"
"Jeffrey","PH"
"Joel","PH"
"Renato","PH"
"Bani","PK"
"Huma","PK"
"Seher","PK"
"Shahzia","PK"
"Adam","PL"
"Alek","PL"
"Aleksander","PL"
"Aleksandra","PL"
"Alfred","PL"
"Alice","PL"
"Alicja","PL"
"Alina","PL"
"Andrez","PL"
"Andrzej","PL"
"André","PL"
"Anna","PL"
"Antoni","PL"
"Artur","PL"
"Bronislaw","PL"
"Daniel","PL"
"Danuta","PL"
"Edward","PL"
"Elie","PL"
"Eryk","PL"
"Eugenie","PL"
"Eugeniusz","PL"
"Franciszek","PL"
"Frans","PL"
"G","PL"
"Halina","PL"
"Henri","PL"
"Henryk","PL"
"Hibner","PL"
"Izabella","PL"
"J","PL"
"Jacek","PL"
"Jack","PL"
"Jakub","PL"
"Jan","PL"
"Jankel","PL"
"Janusz","PL"
"Jerzy","PL"
"Josef","PL"
"Juliusz","PL"
"Kain","PL"
"Krzysztof","PL"
"Lea","PL"
"Lech","PL"
"Leo","PL"
"Leszek","PL"
"Louis","PL"
"Lucia","PL"
"Lucjan","PL"
"Maciej","PL"
"Magdalena","PL"
"Mann","PL"
"Marcel","PL"
"Marcin","PL"
"Marek","PL"
"Marian","PL"
"Maryan","PL"
"Mieczyslaw","PL"
"Mieczysław","PL"
"Miroslaw","PL"
"Mirosław","PL"
"Monika","PL"
"Mordecai","PL"
"Morris","PL"
"Murray","PL"
"Paulina","PL"
"Pawel","PL"
"Piotr","PL"
"Rafal","PL"
"Roman","PL"
"Rose","PL"
"Rudolph","PL"
"Ryszard","PL"
"Sonia","PL"
"Stanislaus","PL"
"Stanislav","PL"
"Stanislaw","PL"
"Stanisław","PL"
"Stefan","PL"
"Tadeusz","PL"
"Theodore","PL"
"Tomasz","PL"
"Waldemar","PL"
"Wiktor","PL"
"Wilhelm","PL"
"Wojceich","PL"
"Wojciech","PL"
"Zbigniew","PL"
"Zenon","PL"
"Zofia","PL"
"Antonio","PR"
"Carlos","PR"
"Domingo","PR"
"Edin","PR"
"José","PR"
"Lorenzo","PR"
"Marcos","PR"
"Myrna","PR"
"Rafael","PR"
"Elia","PS"
"Rashid","PS"
"Tawfik","PS"
"Carlos","PT"
"Didier","PT"
"Fernando","PT"
"João","PT"
"Julião","PT"
"Manoel","PT"
"Maria","PT"
"Miguel","PT"
"Paula","PT"
"Pedro","PT"
"René","PT"
"Teresa","PT"
"Álvaro","PT"
"Edith","PY"
"Arthur","RO"
"Aurel","RO"
"Avigdor","RO"
"Bogdan","RO"
"Constantin","RO"
"Cristian","RO"
"Dan","RO"
"Daniel","RO"
"Dietrich","RO"
"Gerd","RO"
"Geta","RO"
"György","RO"
"Hedda","RO"
"Horia","RO"
"Ion","RO"
"Jacques","RO"
"Jean","RO"
"Klára","RO"
"Lucian","RO"
"Marcel","RO"
"Marin","RO"
"Mircea","RO"
"Pic","RO"
"Reuven","RO"
"Saul","RO"
"Sorel","RO"
"Tristan","RO"
"Victor","RO"
"Étienne","RO"
"Dejan","RS"
"Goran","RS"
"Srdan","RS"
"Vladimir","RS"
"A","RU"
"Abraham","RU"
"Aftograf","RU"
"Aleksandr","RU"
"Aleksei","RU"
"Alexander","RU"
"Alexandra","RU"
"Alexei","RU"
"Alexey","RU"
"Alexis","RU"
"Anatole","RU"
"Anatoli","RU"
"Anatolli","RU"
"Anatoly","RU"
"Andrei","RU"
"André","RU"
"Anna","RU"
"Antoli","RU"
"Anton","RU"
"Aristarkh","RU"
"Arkadii","RU"
"B","RU"
"Benjamin","RU"
"Boris","RU"
"Dasha","RU"
"Dimitri","RU"
"Dmitri","RU"
"Dmitrii","RU"
"Dmitrij","RU"
"Dora","RU"
"Dziga","RU"
"El","RU"
"Elizaveta","RU"
"Emmanuel","RU"
"Ernst","RU"
"Esphyr","RU"
"Eugene","RU"
"Evgenii","RU"
"Evsa","RU"
"G","RU"
"George","RU"
"Georgi","RU"
"Georgii","RU"
"Georgiy","RU"
"Georgy","RU"
"Gerda","RU"
"Grisha","RU"
"Henry","RU"
"Iakov","RU"
"Igor","RU"
"Il","RU"
"Ilya","RU"
"Iurii","RU"
"Ivan","RU"
"Jack","RU"
"Janet","RU"
"Jerry","RU"
"Julia","RU"
"K","RU"
"Kerim","RU"
"Kirill","RU"
"Kukryniksy","RU"
"Kuzma","RU"
"Lasar","RU"
"Leonid","RU"
"Lev","RU"
"Ljuba","RU"
"Lolita","RU"
"Lyubov","RU"
"Léon","RU"
"Marcos","RU"
"Maria","RU"
"Mark","RU"
"Max","RU"
"Mehemed","RU"
"Michael","RU"
"Mikhail","RU"
"Misztrik","RU"
"Moissey","RU"
"Morris","RU"
"Mstislav","RU"
"Nachmann","RU"
"Nadezhda","RU"
"Naftali","RU"
"Natalia","RU"
"Natan","RU"
"Naum","RU"
"Nikolai","RU"
"Nina","RU"
"Nisson","RU"
"Olga","RU"
"Otto","RU"
"Paul","RU"
"Pavel","RU"
"Petr","RU"
"Raphael","RU"
"Rimma","RU"
"Robert","RU"
"Roman","RU"
"Ruvim","RU"
"Sasha","RU"
"Savely","RU"
"Semyon","RU"
"Serge","RU"
"Sergei","RU"
"Sergius","RU"
"Solomon","RU"
"Tofik","RU"
"Unkn","RU"
"V","RU"
"Vagrich","RU"
"Valery","RU"
"Various","RU"
"Varvara","RU"
"Vasilii","RU"
"Vasily","RU"
"Vera","RU"
"Viaceslav","RU"
"Victor","RU"
"Viktor","RU"
"Vladimir","RU"
"Xomob","RU"
"Yakov","RU"
"Yevgeny","RU"
"Yuri","RU"
"Kivu","RW"
"Mohamed","SA"
"Ibrahim","SD"
"Anders","SE"
"Annee","SE"
"Axel","SE"
"Bengt","SE"
"Berndt","SE"
"Birgit","SE"
"Bjorn","SE"
"Britt","SE"
"Bruno","SE"
"Carl","SE"
"Caroline","SE"
"Christer","SE"
"Claes","SE"
"Co","SE"
"Eric","SE"
"Erik","SE"
"Erling","SE"
"Esias","SE"
"Evert","SE"
"Folke","SE"
"George","SE"
"Gerda","SE"
"Greta","SE"
"Gunnar","SE"
"Gunvor","SE"
"Gustaf","SE"
"Göran","SE"
"Hagbard","SE"
"Hans","SE"
"Helena","SE"
"Ingmar","SE"
"Jan","SE"
"Jens","SE"
"Jockum","SE"
"John","SE"
"Key","SE"
"Klara","SE"
"Lars","SE"
"Len","SE"
"Lennart","SE"
"Lukas","SE"
"Mamma","SE"
"Markus","SE"
"Max","SE"
"Mikael","SE"
"Miriam","SE"
"Monika","SE"
"Nathalie","SE"
"Netzler","SE"
"Nils","SE"
"Olle","SE"
"Olof","SE"
"Orrby","SE"
"P","SE"
"Peter","SE"
"Philip","SE"
"Pär","SE"
"Reed","SE"
"Roland","SE"
"Rolf","SE"
"Sigurd","SE"
"Simon","SE"
"Sophie","SE"
"Stig","SE"
"Sture","SE"
"Sven","SE"
"Thomas","SE"
"Torun","SE"
"Tägtström","SE"
"Ulla","SE"
"Victor","SE"
"Åke","SE"
"Nan","SG"
"Simryn","SG"
"Vincent","SG"
"IRWIN","SI"
"Marjetica","SI"
"Marko","SI"
"Tobias","SI"
"Albin","SK"
"Julius","SK"
"Michael","SK"
"Roman","SK"
"Stano","SK"
"Tomáš","SK"
"Zuzana","SK"
"Djibril","SN"
"Mustapha","SN"
"Ousmane","SN"
"Stanley","SR"
"Oussama","SY"
"Apichatpong","TH"
"André","TN"
"Jean","TN"
"Jilani","TN"
"Nadia","TN"
"Phillip","TN"
"Ali","TR"
"Ayse","TR"
"Bedri","TR"
"Burhan","TR"
"Bülent","TR"
"Cengiz","TR"
"Erol","TR"
"Fatih","TR"
"Ferzan","TR"
"Halil","TR"
"Haluk","TR"
"Hüseyin","TR"
"Ilhan","TR"
"J","TR"
"Kutlug","TR"
"Mehmet","TR"
"Memed","TR"
"Nuri","TR"
"Reha","TR"
"Soner","TR"
"Sule","TR"
"Tolga","TR"
"Yılmaz","TR"
"Zühtü","TR"
"Ang","TW"
"Charlene","TW"
"Hsiao","TW"
"Jimenez","TW"
"Li","TW"
"Shu","TW"
"Sam","TZ"
"Albert","UA"
"Alexander","UA"
"Benjamin","UA"
"Boris","UA"
"David","UA"
"Eugène","UA"
"Harry","UA"
"Israel","UA"
"John","UA"
"Kazimir","UA"
"Louis","UA"
"Louise","UA"
"Milton","UA"
"Philippe","UA"
"Sonia","UA"
"Vladimir","UA"
"Kanuge","UG"
"A","US"
"Aaron","US"
"Abby","US"
"Abe","US"
"Abel","US"
"Abigail","US"
"Abraham","US"
"Accra","US"
"Ad","US"
"Ada","US"
"Adam","US"
"Adolf","US"
"Adolph","US"
"Adrian","US"
"Agatha","US"
"Agnes","US"
"Ahron","US"
"Al","US"
"Alan","US"
"Albert","US"
"Albin","US"
"Alec","US"
"Aleksandr","US"
"Alen","US"
"Alessandra","US"
"Alex","US"
"Alexander","US"
"Alexandra","US"
"Alexis","US"
"Alfred","US"
"Alfredo","US"
"Alice","US"
"Alison","US"
"Alix","US"
"Allan","US"
"Allen","US"
"Allyson","US"
"Alma","US"
"Alton","US"
"Alvin","US"
"Alwyn","US"
"Alyson","US"
"Amy","US"
"Andrea","US"
"Andres","US"
"Andrew","US"
"André","US"
"Andy","US"
"Angela","US"
"Angelo","US"
"Angus","US"
"Anita","US"
"Ann","US"
"Anna","US"
"Anne","US"
"Annette","US"
"Ansei","US"
"Ansel","US"
"Ant","US"
"Anthony","US"
"Antoinette","US"
"Anton","US"
"Antonin","US"
"Antonio","US"
"Anya","US"
"Apple","US"
"April","US"
"Ara","US"
"Aram","US"
"Arch","US"
"Arlene","US"
"Armin","US"
"Arne","US"
"Arnold","US"
"Art","US"
"Arthur","US"
"Artrouble","US"
"Arturo","US"
"Attilio","US"
"Aubrey","US"
"Audrey","US"
"Augustus","US"
"Avery","US"
"Azazel","US"
"B","US"
"Balcomb","US"
"Baldwin","US"
"Banks","US"
"Barbara","US"
"Barbaralee","US"
"Barbel","US"
"Barnaby","US"
"Barnett","US"
"Barney","US"
"Barry","US"
"Barton","US"
"Bashir","US"
"Batiste","US"
"Bea","US"
"Beatrice","US"
"Beauford","US"
"Beaumont","US"
"Bedrich","US"
"Ben","US"
"Benedict","US"
"Benjamin","US"
"Benji","US"
"Benno","US"
"Benny","US"
"Benton","US"
"Berenice","US"
"Bern","US"
"Bernard","US"
"Bert","US"
"Beryl","US"
"Beth","US"
"Betsey","US"
"Betsy","US"
"Betty","US"
"Betye","US"
"Betzaida","US"
"Beuford","US"
"Bill","US"
"Billie","US"
"Billy","US"
"Bing","US"
"Birney","US"
"Bjorn","US"
"Blake","US"
"Blythe","US"
"Bob","US"
"Bonnie","US"
"Boris","US"
"Brad","US"
"Bradbury","US"
"Bradford","US"
"Bradley","US"
"Branda","US"
"Brendan","US"
"Brent","US"
"Brett","US"
"Brian","US"
"Brice","US"
"Brion","US"
"Bronislaw","US"
"Brown","US"
"Bruce","US"
"Bryan","US"
"Burgoyne","US"
"Burk","US"
"Burt","US"
"Burton","US"
"Butch","US"
"Byron","US"
"C","US"
"CEI","US"
"Cady","US"
"Caio","US"
"Cal","US"
"Caldecot","US"
"Cameron","US"
"Campbell","US"
"Candice","US"
"Candy","US"
"Captain","US"
"Cara","US"
"Carey","US"
"Carl","US"
"Carla","US"
"Carleton","US"
"Carlus","US"
"Carmel","US"
"Carmen","US"
"Carol","US"
"Carole","US"
"Carolee","US"
"Caroline","US"
"Carrie","US"
"Carroll","US"
"Carter","US"
"Casey","US"
"Catherine","US"
"Ce","US"
"Cecelia","US"
"Cedric","US"
"Chad","US"
"Chaim","US"
"Chambers","US"
"Chansonetta","US"
"Charles","US"
"Charmion","US"
"Chauncey","US"
"Check","US"
"Cheryl","US"
"Chester","US"
"Chet","US"
"Cheyney","US"
"Childe","US"
"Chip","US"
"Chitra","US"
"Chivas","US"
"Chloe","US"
"Chris","US"
"Christian","US"
"Christina","US"
"Christine","US"
"Christopher","US"
"Christy","US"
"Chuck","US"
"Cindy","US"
"Claire","US"
"Clara","US"
"Clare","US"
"Clarence","US"
"Clarissa","US"
"Claudia","US"
"Claudio","US"
"Clayton","US"
"Clements","US"
"Cleve","US"
"Cliff","US"
"Clifford","US"
"Clifton","US"
"Clint","US"
"Clinton","US"
"Clyde","US"
"Clyfford","US"
"Cléanthe","US"
"Coles","US"
"Colette","US"
"Colin","US"
"Colleen","US"
"Collier","US"
"Collins","US"
"Concetta","US"
"Connie","US"
"Connor","US"
"Conrad","US"
"Constance","US"
"Constantino","US"
"Consuelo","US"
"Corita","US"
"Corning","US"
"Corrado","US"
"Cory","US"
"Cotter","US"
"Coy","US"
"Craig","US"
"Crash","US"
"Cristos","US"
"Critical","US"
"Curt","US"
"Curtis","US"
"Cy","US"
"Cyril","US"
"D","US"
"Dahlgren","US"
"Daisy","US"
"Dale","US"
"Dan","US"
"Dana","US"
"Dani","US"
"Daniel","US"
"Dannielle","US"
"Danny","US"
"Dara","US"
"Darius","US"
"Darrel","US"
"Darrell","US"
"Darren","US"
"Dave","US"
"David","US"
"Davidson","US"
"Davis","US"
"Dawn","US"
"Dawoud","US"
"Daze","US"
"De","US"
"Dean","US"
"Deana","US"
"Deborah","US"
"Debra","US"
"Declan","US"
"Delia","US"
"Dennis","US"
"Derek","US"
"Diana","US"
"Diane","US"
"Dick","US"
"Dike","US"
"Diller","US"
"Dimitri","US"
"Disney","US"
"Dody","US"
"Dolly","US"
"Dolores","US"
"Domingo","US"
"Don","US"
"Donald","US"
"Dong","US"
"Dongkuk","US"
"Donigan","US"
"Donna","US"
"Doris","US"
"Dorothea","US"
"Dorothy","US"
"Dorr","US"
"Dotty","US"
"Doug","US"
"Douglas","US"
"Dove","US"
"Dr","US"
"Duane","US"
"Dudley","US"
"Dusti","US"
"Dwain","US"
"E","US"
"Earl","US"
"Earle","US"
"Ed","US"
"Eddie","US"
"Edgar","US"
"Edith","US"
"Edmund","US"
"Edward","US"
"Edwin","US"
"Eileen","US"
"Elaine","US"
"Elbert","US"
"Eleanor","US"
"Eleanore","US"
"Elena","US"
"Elias","US"
"Eliot","US"
"Elise","US"
"Elizabeth","US"
"Ella","US"
"Ellen","US"
"Elliott","US"
"Ellsworth","US"
"Elmer","US"
"Eloise","US"
"Elyn","US"
"Emerson","US"
"Emil","US"
"Emile","US"
"Emilie","US"
"Emilio","US"
"Emily","US"
"Emma","US"
"Emmet","US"
"Emmett","US"
"Ena","US"
"Eric","US"
"Erich","US"
"Ericka","US"
"Erik","US"
"Erle","US"
"Ernest","US"
"Ernie","US"
"Ernst","US"
"Errol","US"
"Erwin","US"
"Esther","US"
"Ethel","US"
"Ethelyn","US"
"Eugene","US"
"Eva","US"
"Evan","US"
"Eve","US"
"Evelene","US"
"Everett","US"
"Ezio","US"
"Ezra","US"
"F","US"
"Fairfield","US"
"Faith","US"
"Fannie","US"
"Fareed","US"
"Farrell","US"
"Faurest","US"
"Federico","US"
"Ferry","US"
"Fiske","US"
"Fletcher","US"
"Florence","US"
"Florine","US"
"Floyd","US"
"Forrest","US"
"Frances","US"
"Francesca","US"
"Francis","US"
"Francois","US"
"Frank","US"
"Franklin","US"
"Franz","US"
"Fred","US"
"Freda","US"
"Frederic","US"
"Frederick","US"
"Fritz","US"
"Friz","US"
"Fuller","US"
"Futzie","US"
"G","US"
"GE","US"
"Gabor","US"
"Gabriel","US"
"Gabriele","US"
"Gabrielle","US"
"Gail","US"
"Gale","US"
"Gandy","US"
"Garo","US"
"Garry","US"
"Gary","US"
"Gavin","US"
"Gay","US"
"Gedi","US"
"Gene","US"
"Genevieve","US"
"Geoff","US"
"Geoffrey","US"
"George","US"
"Georgia","US"
"Gerald","US"
"Gerard","US"
"Gerhard","US"
"Gerome","US"
"Gertrude","US"
"Gifford","US"
"Gil","US"
"Gilbert","US"
"Gilda","US"
"Ginny","US"
"Gits","US"
"Gladys","US"
"Glen","US"
"Glenn","US"
"Gloria","US"
"Godfrey","US"
"Gordon","US"
"Grace","US"
"Grant","US"
"Gray","US"
"Green","US"
"Greg","US"
"Gregg","US"
"Gregory","US"
"Gretchen","US"
"Group","US"
"Gus","US"
"Gustav","US"
"Guy","US"
"Gwen","US"
"H","US"
"Hal","US"
"Hale","US"
"Hally","US"
"Hamilton","US"
"Hananiah","US"
"Hank","US"
"Hannah","US"
"Hannelore","US"
"Hansi","US"
"Hap","US"
"Harmony","US"
"Harold","US"
"Harrell","US"
"Harris","US"
"Harrison","US"
"Harry","US"
"Harvey","US"
"Haskell","US"
"Hawley","US"
"Hazel","US"
"Helen","US"
"Helene","US"
"Hella","US"
"Henning","US"
"Henri","US"
"Henry","US"
"Herb","US"
"Herbert","US"
"Herman","US"
"Hermine","US"
"Hernan","US"
"Hilaire","US"
"Hilda","US"
"Hildegarde","US"
"Hiram","US"
"Hobie","US"
"Hollis","US"
"Homer","US"
"Honoré","US"
"Hope","US"
"Horace","US"
"Hortense","US"
"Howard","US"
"Howardena","US"
"Hugh","US"
"Hugo","US"
"Hulda","US"
"Hutzler","US"
"Hymen","US"
"IBM","US"
"IMEC","US"
"Ian","US"
"Ida","US"
"Idelle","US"
"Ido","US"
"Ilene","US"
"Imogen","US"
"Ingrid","US"
"Inka","US"
"Ione","US"
"Ira","US"
"Irene","US"
"Irving","US"
"Irwin","US"
"Isaac","US"
"Isabel","US"
"Isaiah","US"
"Isami","US"
"Isamu","US"
"Italo","US"
"Ivan","US"
"Izzy","US"
"J","US"
"Jack","US"
"Jackie","US"
"Jackson","US"
"Jacob","US"
"Jacqueline","US"
"Jacques","US"
"Jake","US"
"James","US"
"Jamie","US"
"Jan","US"
"Jane","US"
"Janet","US"
"Jared","US"
"Jarrod","US"
"Jason","US"
"Jasper","US"
"Jaune","US"
"Jay","US"
"Jayson","US"
"Jean","US"
"Jeanne","US"
"Jed","US"
"Jedd","US"
"Jeff","US"
"Jeffery","US"
"Jeffrey","US"
"Jen","US"
"Jene","US"
"Jennett","US"
"Jennie","US"
"Jennifer","US"
"Jenny","US"
"Jeremy","US"
"Jerome","US"
"Jerry","US"
"Jess","US"
"Jesse","US"
"Jessica","US"
"Jewett","US"
"Jhoon","US"
"Jill","US"
"Jim","US"
"Jima","US"
"Jimmie","US"
"Jimmy","US"
"Jo","US"
"JoAnn","US"
"Joan","US"
"Joanna","US"
"Jock","US"
"Jodiah","US"
"Jody","US"
"Joe","US"
"Joel","US"
"Johann","US"
"John","US"
"Jon","US"
"Jonah","US"
"Jonas","US"
"Jonathan","US"
"Joop","US"
"Jordan","US"
"Jorge","US"
"Josef","US"
"Joseph","US"
"Josephine","US"
"Josh","US"
"Joshua","US"
"Josiah","US"
"José","US"
"Joy","US"
"Joyce","US"
"Jr","US"
"Juan","US"
"Juanita","US"
"Judd","US"
"Judith","US"
"Judson","US"
"Judy","US"
"Jules","US"
"Julia","US"
"Julian","US"
"Julie","US"
"Julien","US"
"Juliet","US"
"Julio","US"
"Julius","US"
"June","US"
"Junius","US"
"Justin","US"
"Kacie","US"
"Kalup","US"
"Kara","US"
"Karen","US"
"Karl","US"
"Karla","US"
"Kate","US"
"Kathan","US"
"Katherine","US"
"Kathleen","US"
"Kathryn","US"
"Kathy","US"
"Katie","US"
"Katinka","US"
"Katy","US"
"Kay","US"
"Keegan","US"
"Kein","US"
"Keith","US"
"Kelley","US"
"Kelly","US"
"Kembra","US"
"Ken","US"
"Kendra","US"
"Kenean","US"
"Kenneth","US"
"Kenny","US"
"Kent","US"
"Kenzo","US"
"Kerry","US"
"Kevin","US"
"Keystone","US"
"Kim","US"
"Kimber","US"
"King","US"
"Kingsley","US"
"Kipton","US"
"Kirsten","US"
"Kit","US"
"Klaus","US"
"Kn","US"
"Knox","US"
"Kojo","US"
"Kosso","US"
"Kosti","US"
"Kristen","US"
"Kristin","US"
"Kurt","US"
"L","US"
"La","US"
"LaToya","US"
"Laddie","US"
"Lady","US"
"Lance","US"
"Landès","US"
"Lane","US"
"Lanier","US"
"Lari","US"
"Larry","US"
"Laura","US"
"Laureen","US"
"Laurel","US"
"Lauren","US"
"Laurence","US"
"Lauri","US"
"Laurie","US"
"Lawrence","US"
"Laylah","US"
"LeRoy","US"
"Leah","US"
"Leander","US"
"Lebbeus","US"
"Lee","US"
"Leigh","US"
"Leland","US"
"Len","US"
"Lena","US"
"Lenore","US"
"Leo","US"
"Leon","US"
"Leona","US"
"Leonard","US"
"Les","US"
"Lesley","US"
"Leslie","US"
"Lester","US"
"Lette","US"
"Letterio","US"
"Lev","US"
"Lew","US"
"Lewis","US"
"Lia","US"
"Librado","US"
"Liebowitz","US"
"Lil","US"
"Lillian","US"
"Lilly","US"
"Lily","US"
"Linda","US"
"Lisa","US"
"Liz","US"
"Lizzie","US"
"Lloyd","US"
"Llyn","US"
"Lodge","US"
"Lois","US"
"Loren","US"
"Lori","US"
"Lorie","US"
"Lorimer","US"
"Lorna","US"
"Lorraine","US"
"Lorser","US"
"Lou","US"
"Louis","US"
"Louisa","US"
"Louise","US"
"Louisiana","US"
"Lovis","US"
"Lowell","US"
"Lucas","US"
"Lucien","US"
"Lucinda","US"
"Lucio","US"
"Lucy","US"
"Ludvik","US"
"Ludwig","US"
"Luis","US"
"Luke","US"
"Lurelle","US"
"Luther","US"
"Lyle","US"
"Lyn","US"
"Lynch","US"
"Lynda","US"
"Lynn","US"
"Lynne","US"
"Lynton","US"
"Lyonel","US"
"M","US"
"Mabel","US"
"Mac","US"
"Mack","US"
"Mahonri","US"
"Malcolm","US"
"Maltby","US"
"Man","US"
"Manfred","US"
"Manoucher","US"
"Manya","US"
"Mar","US"
"Marc","US"
"Marcia","US"
"Margaret","US"
"Margia","US"
"Margo","US"
"Margrethe","US"
"Marguerite","US"
"Mariah","US"
"Marian","US"
"Mariana","US"
"Marie","US"
"Marilyn","US"
"Marilynn","US"
"Mario","US"
"Marion","US"
"Marjorie","US"
"Marjory","US"
"Mark","US"
"Marko","US"
"Marlene","US"
"Marlon","US"
"Marly","US"
"Marsden","US"
"Marsha","US"
"Marshall","US"
"Martha","US"
"Martin","US"
"Martine","US"
"Martus","US"
"Marvin","US"
"Mary","US"
"Mason","US"
"Mathew","US"
"Mathilde","US"
"Matsumi","US"
"Matt","US"
"Matthew","US"
"Maud","US"
"Maude","US"
"Maurice","US"
"Mauricio","US"
"Mavis","US"
"Max","US"
"Maxfield","US"
"Maxi","US"
"May","US"
"Maya","US"
"McDonald","US"
"Meg","US"
"Mel","US"
"Melinda","US"
"Melissa","US"
"Mell","US"
"Melvin","US"
"Merce","US"
"Meredith","US"
"Merg","US"
"Merle","US"
"Merry","US"
"Mervin","US"
"Meyer","US"
"Michael","US"
"Michaela","US"
"Michele","US"
"Michelle","US"
"Mick","US"
"Mickalene","US"
"Mielatz","US"
"Mikal","US"
"Mike","US"
"Mildred","US"
"Milton","US"
"Mimi","US"
"Ming","US"
"Minna","US"
"Minnie","US"
"Minor","US"
"Miranda","US"
"Miriam","US"
"Misch","US"
"Missing","US"
"Mitch","US"
"Mitchell","US"
"Moishe","US"
"Molly","US"
"Mon","US"
"Monica","US"
"Morgan","US"
"Morison","US"
"Morris","US"
"Mortimer","US"
"Moses","US"
"Moshe","US"
"Mowry","US"
"Murray","US"
"Musya","US"
"Myer","US"
"Myron","US"
"N","US"
"NASA","US"
"Nadia","US"
"Nan","US"
"Nancy","US"
"Naomi","US"
"Nari","US"
"Natacha","US"
"Nate","US"
"Nathan","US"
"Nathaniel","US"
"Nayland","US"
"Neal","US"
"Neighborhood","US"
"Neil","US"
"Nell","US"
"Nelson","US"
"Nic","US"
"Nicholas","US"
"Nick","US"
"Nicola","US"
"Nicolai","US"
"Nicolas","US"
"Nicolau","US"
"Nicole","US"
"Nicos","US"
"Niles","US"
"Nina","US"
"Noah","US"
"Nobi","US"
"Noel","US"
"Nora","US"
"Norm","US"
"Norma","US"
"Norman","US"
"O","US"
"Oli","US"
"Olin","US"
"Oliver","US"
"Olivia","US"
"Ondi","US"
"Oren","US"
"Orly","US"
"Oronzo","US"
"Orrin","US"
"Orson","US"
"Oscar","US"
"Otis","US"
"Otto","US"
"P","US"
"Pablo","US"
"Pae","US"
"Paper","US"
"Pasquale","US"
"Pat","US"
"Patricia","US"
"Patrick","US"
"Patti","US"
"Patty","US"
"Paul","US"
"Paula","US"
"Pearl","US"
"Peggy","US"
"Penelope","US"
"Perry","US"
"Petah","US"
"Pete","US"
"Peter","US"
"Philip","US"
"Phillip","US"
"Phyllis","US"
"Pierre","US"
"Pirkle","US"
"Polly","US"
"Powell","US"
"Power","US"
"Prentiss","US"
"Preston","US"
"Prince","US"
"Priscilla","US"
"Quay","US"
"Quentin","US"
"R","US"
"Rachel","US"
"Radio","US"
"Rafael","US"
"Ralph","US"
"Rammellzee","US"
"Randal","US"
"Randall","US"
"Randy","US"
"Raoul","US"
"Raquel","US"
"Rashid","US"
"Ray","US"
"Raymond","US"
"Rea","US"
"Reagan","US"
"Rebecca","US"
"Red","US"
"Ree","US"
"Reed","US"
"Regina","US"
"Reginald","US"
"René","US"
"Renée","US"
"Reuben","US"
"Reva","US"
"Rex","US"
"Reynolds","US"
"Rhondal","US"
"Ricci","US"
"Rich","US"
"Richard","US"
"Richards","US"
"Richmond","US"
"Rick","US"
"Riley","US"
"Rita","US"
"Riva","US"
"Rob","US"
"Robert","US"
"Robin","US"
"Roc","US"
"Rochelle","US"
"Rockwell","US"
"Roddy","US"
"Roderick","US"
"Roe","US"
"Roger","US"
"Roi","US"
"Roland","US"
"Rollin","US"
"Roman","US"
"Romare","US"
"Romas","US"
"Ron","US"
"Rona","US"
"Ronald","US"
"Roni","US"
"Ronni","US"
"Ronnie","US"
"Ros","US"
"Rosalind","US"
"Rosemarie","US"
"Ross","US"
"Roxy","US"
"Roy","US"
"Rudi","US"
"Rudolf","US"
"Rudolph","US"
"Rudy","US"
"Russel","US"
"Russell","US"
"Ruth","US"
"Ryan","US"
"S","US"
"Sabrina","US"
"Sadie","US"
"Sage","US"
"Saliba","US"
"Sally","US"
"Salvatore","US"
"Sam","US"
"Samella","US"
"Sammy","US"
"Samuel","US"
"Sandi","US"
"Sandra","US"
"Sandy","US"
"Sanford","US"
"Sante","US"
"Sara","US"
"Sarah","US"
"Sarai","US"
"Sari","US"
"Saul","US"
"Schilli","US"
"Schneck","US"
"Scoli","US"
"Scott","US"
"Sean","US"
"Senga","US"
"Seth","US"
"Sewell","US"
"Seymour","US"
"Shalom","US"
"Shannon","US"
"Sharon","US"
"Shaun","US"
"Sheila","US"
"Shelby","US"
"Sheldon","US"
"Shelly","US"
"Sherman","US"
"Sheron","US"
"Sherrie","US"
"Sherril","US"
"Shimon","US"
"Shinkichi","US"
"Shirley","US"
"Siah","US"
"Sibyl","US"
"Sid","US"
"Sideo","US"
"Sidney","US"
"Siegriest","US"
"Sigmund","US"
"Silverman","US"
"Simon","US"
"Simone","US"
"Simpson","US"
"Skidmore","US"
"Skip","US"
"Slater","US"
"Sofia","US"
"Sol","US"
"Solomon","US"
"Sonia","US"
"Spencer","US"
"Spike","US"
"St","US"
"Stan","US"
"Stanley","US"
"Stanton","US"
"Starr","US"
"Stash","US"
"Stefan","US"
"Steffani","US"
"Stephan","US"
"Stephanie","US"
"Stephen","US"
"Stevan","US"
"Steve","US"
"Steven","US"
"Stevenson","US"
"Storm","US"
"Stow","US"
"Stuart","US"
"Sturtevant","US"
"Su","US"
"Sue","US"
"Susan","US"
"Suzan","US"
"Suzanne","US"
"Swoon","US"
"Sydney","US"
"Syl","US"
"Sylvia","US"
"T","US"
"Tad","US"
"Tadeusz","US"
"Tal","US"
"Tamara","US"
"Tanyth","US"
"Taryn","US"
"Tauba","US"
"Taylor","US"
"Ted","US"
"Terence","US"
"Teresa","US"
"Teresita","US"
"Terrance","US"
"Terrence","US"
"Terry","US"
"Tetsu","US"
"Tetsuo","US"
"Tex","US"
"The","US"
"Thelma","US"
"Theo","US"
"Theodore","US"
"Theodoros","US"
"Theora","US"
"Thom","US"
"Thomas","US"
"Thornton","US"
"Thurman","US"
"Thurston","US"
"Tim","US"
"Times","US"
"Timo","US"
"Timothy","US"
"Tina","US"
"Titus","US"
"Toba","US"
"Tobias","US"
"Toby","US"
"Tod","US"
"Todd","US"
"Tom","US"
"Tommy","US"
"Tomoko","US"
"Toni","US"
"Tony","US"
"Toots","US"
"Trace","US"
"Tracy","US"
"Trenton","US"
"Tria","US"
"Trisha","US"
"Troy","US"
"Tyson","US"
"U","US"
"Ub","US"
"Ulfert","US"
"Unkn","US"
"Uta","US"
"Valerie","US"
"Van","US"
"Vanalyne","US"
"Various","US"
"Varujan","US"
"Velox","US"
"Vera","US"
"Vern","US"
"Verne","US"
"Vernon","US"
"Vic","US"
"Victor","US"
"Victoria","US"
"Vincent","US"
"Vincente","US"
"Violet","US"
"Virginia","US"
"Vito","US"
"Vivian","US"
"Václav","US"
"W","US"
"Wade","US"
"Walasse","US"
"Walker","US"
"Wallace","US"
"Wally","US"
"Walt","US"
"Walter","US"
"Waltham","US"
"Walton","US"
"Wanda","US"
"Ward","US"
"Wardell","US"
"Warren","US"
"Warrington","US"
"Wayman","US"
"Wayne","US"
"Wenda","US"
"Wendell","US"
"Wendy","US"
"Werner","US"
"Wes","US"
"Wesley","US"
"Wheeler","US"
"Whit","US"
"Wil","US"
"Wilfred","US"
"Will","US"
"Willard","US"
"William","US"
"Willie","US"
"Willy","US"
"Wilson","US"
"Win","US"
"Winston","US"
"Wolf","US"
"Woody","US"
"Worden","US"
"Wright","US"
"Wu","US"
"Wynn","US"
"Xenon","US"
"Yasuo","US"
"Ynez","US"
"Yoichi","US"
"Yong","US"
"Yuri","US"
"Yvonne","US"
"Zachary","US"
"Zak","US"
"Zeke","US"
"Zigmunds","US"
"Zoe","US"
"einLab","US"
"Enrique","UY"
"Federico","UY"
"Francisco","UY"
"Joaquín","UY"
"José","UY"
"Justino","UY"
"Luis","UY"
"Marco","UY"
"Miguel","UY"
"Naúl","UY"
"Pedro","UY"
"Rafael","UY"
"Alejandro","VE"
"Alfredo","VE"
"Alirio","VE"
"Armando","VE"
"Arturo","VE"
"Carla","VE"
"Carlos","VE"
"Gabriel","VE"
"Humberto","VE"
"Jacobo","VE"
"Javier","VE"
"Jesús","VE"
"Jimmy","VE"
"Jorge","VE"
"José","VE"
"Juan","VE"
"Kurt","VE"
"Luisa","VE"
"Manuel","VE"
"Mateo","VE"
"Mercedes","VE"
"Mion","VE"
"Oscar","VE"
"An","VN"
"Chuyên","VN"
"Danh","VN"
"Minh","VN"
"Tam","VN"
"Anton","ZA"
"Azaria","ZA"
"Berni","ZA"
"Bronwen","ZA"
"Cameron","ZA"
"Candice","ZA"
"Charles","ZA"
"Claudette","ZA"
"Conrad","ZA"
"Dan","ZA"
"David","ZA"
"Deryck","ZA"
"Diane","ZA"
"Dolf","ZA"
"Dominic","ZA"
"End","ZA"
"Ernest","ZA"
"Ernestine","ZA"
"Gabisile","ZA"
"Gerald","ZA"
"Giselle","ZA"
"Guy","ZA"
"Ian","ZA"
"Jamie","ZA"
"Jo","ZA"
"Joachim","ZA"
"Judith","ZA"
"Judy","ZA"
"Kim","ZA"
"Lindy","ZA"
"Marco","ZA"
"Marlene","ZA"
"Mduduzi","ZA"
"Michael","ZA"
"Mikhael","ZA"
"Moshekwa","ZA"
"Nhlanhla","ZA"
"Nomathemba","ZA"
"Norman","ZA"
"Nyaniso","ZA"
"Oliver","ZA"
"Osiah","ZA"
"Paul","ZA"
"Penny","ZA"
"Pieter","ZA"
"Ralph","ZA"
"Robert","ZA"
"Robin","ZA"
"Sandile","ZA"
"Senzeni","ZA"
"Sipho","ZA"
"Sthembiso","ZA"
"Tinus","ZA"
"Trevor","ZA"
"Vukile","ZA"
"Vuyile","ZA"
"William","ZA"
"Yusuf","ZA"
"Zanele","ZA"
"Zwelethu","ZA"
"Joseph","ZW"
"Kudzanai","ZW"
"Kumberai","ZW"
"Thomas","ZW"
"Abel","none"
"Adriana","none"
"Ai","none"
"Album","none"
"Alfonso","none"
"Alfred","none"
"Alphonse","none"
"American","none"
"Angel","none"
"Anne","none"
"Antonio","none"
"Birdhead","none"
"Blondie","none"
"Bogdan","none"
"Boris","none"
"Brassaï","none"
"Brunton","none"
"Cai","none"
"Cao","none"
"Caroline","none"
"Chao","none"
"Chen","none"
"Cheng","none"
"Chi","none"
"Chin","none"
"Chinn","none"
"Claudio","none"
"Danny","none"
"Davorin","none"
"Dimitrije","none"
"Dinh","none"
"Djamshed","none"
"Do","none"
"DoDo","none"
"Duan","none"
"Dusan","none"
"Edison","none"
"Edo","none"
"Eileen","none"
"Eran","none"
"Fang","none"
"Fanta","none"
"Feng","none"
"Florence","none"
"Gorgona","none"
"Gruppe","none"
"Gyula","none"
"H","none"
"Ha","none"
"Haegue","none"
"Hai","none"
"Haim","none"
"Hans","none"
"Harry","none"
"Hong","none"
"Huang","none"
"Iaroslav","none"
"Imaginary","none"
"Irving","none"
"Ivan","none"
"Iyola","none"
"Janez","none"
"Jay","none"
"Jem","none"
"Jia","none"
"Johan","none"
"John","none"
"Jon","none"
"Joon","none"
"Joseph","none"
"Jovan","none"
"Julije","none"
"Jun","none"
"K","none"
"Koo","none"
"Kyu","none"
"Ladislav","none"
"Lansheng","none"
"Lawrence","none"
"Lazar","none"
"Lee","none"
"Leo","none"
"Leonard","none"
"Les","none"
"Li","none"
"Liang","none"
"Lin","none"
"Liu","none"
"Lu","none"
"Lucia","none"
"Magda","none"
"Majda","none"
"Marek","none"
"Marina","none"
"Marius","none"
"Marjan","none"
"Matsushita","none"
"Miao","none"
"Michael","none"
"Milko","none"
"Miroslav","none"
"Mona","none"
"Médecins","none"
"Olga","none"
"Olja","none"
"Oskar","none"
"Pacific","none"
"Pan","none"
"Park","none"
"Parr","none"
"Pehr","none"
"Peter","none"
"Qiu","none"
"Rainer","none"
"Raoul","none"
"Riko","none"
"Robert","none"
"Roger","none"
"Rong","none"
"SEO","none"
"Safety","none"
"Sang","none"
"Santiago","none"
"Sasa","none"
"Save","none"
"Seong","none"
"Seoungho","none"
"Seung","none"
"Seymour","none"
"Shen","none"
"Sheng","none"
"Simon","none"
"So","none"
"Song","none"
"Stephan","none"
"Stipe","none"
"Sung","none"
"TVTV","none"
"Tchah","none"
"Technology","none"
"Terence","none"
"Tetra","none"
"The","none"
"Tiehai","none"
"Tim","none"
"Toyen","none"
"Travers","none"
"UNICEF","none"
"Ung","none"
"Valve","none"
"Various","none"
"Vladimir","none"
"Vlatko","none"
"Wagula","none"
"Wang","none"
"Wenda","none"
"Weng","none"
"Willem","none"
"William","none"
"Wladyslaw","none"
"Wu","none"
"Xiao","none"
"Xu","none"
"Yakov","none"
"Yang","none"
"Yau","none"
"Yinan","none"
"Yki","none"
"Yoo","none"
"Young","none"
"Yu","none"
"Yun","none"
"Yutaka","none"
"Zdravko","none"
"Zhang","none"
"Zheng","none"
"Émile","none"
